empId,passengerId,checkDate,checkTime
94-5803191,108-80-6653,2021-02-12,1:11:54
76-8701653,103-68-7587,2021-02-11,19:47:26
79-4591664,714-32-4803,2021-02-16,23:10:27
85-7792937,301-66-9038,2021-02-16,11:03:25
24-7301454,494-02-0084,2021-02-18,1:51:52
92-7705715,587-86-4143,2021-02-12,15:40:31
89-1968773,872-76-1880,2021-02-09,8:05:16
82-5187060,505-88-4215,2021-02-07,17:18:13
47-4842326,157-30-7732,2021-02-08,18:01:36
93-0477975,635-75-0697,2021-02-07,20:35:30
57-2656755,834-96-3329,2021-02-07,11:40:03
53-2089017,784-51-5100,2021-02-18,18:37:35
54-0392527,805-81-3309,2021-02-10,4:09:57
79-6052405,400-42-9057,2021-02-15,19:01:06
56-6496916,557-18-3122,2021-02-20,14:10:29
40-8325655,829-53-8467,2021-02-10,6:58:16
33-6390123,512-08-2987,2021-02-08,2:16:31
29-9983772,507-23-6788,2021-02-10,16:12:23
30-1779236,801-44-4982,2021-02-18,16:15:28
95-9474394,185-75-0740,2021-02-20,18:05:58
08-2815099,706-90-7602,2021-02-15,22:32:13
84-4186138,357-93-4550,2021-02-14,0:07:25
17-8885622,716-01-5148,2021-02-11,1:20:12
73-8359579,322-45-3204,2021-02-19,2:53:44
05-1469805,175-06-6230,2021-02-14,11:37:45
22-5541794,538-05-6625,2021-02-13,14:06:37
68-5593615,371-33-3753,2021-02-07,8:11:06
53-8005692,158-86-7747,2021-02-11,8:25:15
04-9668461,486-76-7494,2021-02-14,20:10:53
52-4928526,820-02-5115,2021-02-15,12:00:28
08-6563705,886-50-9583,2021-02-07,3:01:37
54-0136182,222-25-5951,2021-02-16,5:10:52
49-9016626,819-59-8381,2021-02-14,12:23:46
42-4234970,807-05-4341,2021-02-18,11:19:04
83-7338258,831-40-8930,2021-02-19,6:05:57
69-2581850,683-27-6365,2021-02-17,9:28:13
13-2188689,392-65-3641,2021-02-20,15:06:18
66-9445128,816-51-0064,2021-02-19,15:41:52
60-3305943,271-13-4837,2021-02-16,1:37:11
44-2159097,614-39-7686,2021-02-17,23:16:18
32-1263188,222-67-7316,2021-02-14,10:03:23
53-9395469,817-30-3274,2021-02-20,2:59:37
79-1885695,604-58-8829,2021-02-17,14:28:24
85-3575118,218-62-9150,2021-02-15,17:40:41
78-8521929,736-13-5518,2021-02-19,11:15:03
18-2238556,171-82-6467,2021-02-14,11:23:35
40-3921311,740-63-6650,2021-02-14,9:41:43
93-3588223,781-40-4220,2021-02-07,0:54:08
52-7244183,190-67-5469,2021-02-13,11:55:45
96-3658550,859-53-1824,2021-02-20,13:14:56
97-7949830,564-87-1657,2021-02-20,15:38:41
37-1361951,662-97-2896,2021-02-10,3:17:28
44-6863380,349-45-4251,2021-02-20,0:13:12
40-7859632,135-01-9524,2021-02-14,15:10:56
17-1767768,518-98-7653,2021-02-13,5:56:27
06-1405903,436-42-0351,2021-02-13,20:04:57
60-0436777,379-52-5920,2021-02-07,10:13:25
00-9782491,750-93-9352,2021-02-10,1:50:50
74-5554803,892-11-8930,2021-02-13,15:07:00
53-5932552,245-43-0234,2021-02-15,5:18:30
84-5276557,893-83-3853,2021-02-20,17:05:03
23-7806277,123-66-6035,2021-02-19,14:10:29
01-1083267,797-32-1058,2021-02-08,22:39:14
73-7956668,418-11-5469,2021-02-12,10:21:35
46-5448887,177-32-7733,2021-02-12,21:19:41
43-9196162,781-16-1604,2021-02-15,18:44:16
93-3965265,656-30-1906,2021-02-13,2:56:18
04-6016647,819-82-4278,2021-02-08,12:21:53
56-1943337,779-99-4773,2021-02-14,6:34:54
47-7727829,515-61-3225,2021-02-09,10:25:48
92-4882710,565-52-0291,2021-02-11,8:02:31
09-5573624,371-05-7084,2021-02-15,7:35:41
61-3085715,758-63-2260,2021-02-19,16:22:25
13-2145192,794-43-0437,2021-02-20,4:18:31
84-2716111,585-64-5266,2021-02-20,4:23:52
75-7024225,403-79-4759,2021-02-12,11:31:52
24-0189726,434-14-1387,2021-02-16,13:46:12
70-5029919,436-44-1931,2021-02-13,14:22:31
58-6196819,318-03-9396,2021-02-17,13:09:25
87-3062383,667-33-4458,2021-02-14,2:21:45
26-0748252,302-33-4306,2021-02-11,9:09:31
37-9734524,194-84-7389,2021-02-20,17:52:38
46-9719629,341-86-0960,2021-02-09,21:53:18
22-3744940,455-45-8609,2021-02-09,15:59:41
34-1471985,141-92-3014,2021-02-19,15:24:16
43-6145839,580-89-4161,2021-02-08,8:05:05
76-6353299,107-48-6596,2021-02-13,20:43:30
17-5492061,897-01-2511,2021-02-11,10:00:45
32-5916260,746-49-8285,2021-02-18,12:40:39
43-5250879,485-90-1726,2021-02-07,0:44:13
78-8341095,863-80-6261,2021-02-14,4:00:10
90-7508116,194-41-8422,2021-02-19,17:45:50
70-7867288,504-27-4014,2021-02-16,19:56:23
37-4800621,645-08-7702,2021-02-19,18:26:53
01-1521031,534-58-2592,2021-02-15,22:43:32
80-0197261,178-79-9628,2021-02-07,16:39:18
97-1698379,707-83-8199,2021-02-15,3:06:52
95-1791318,627-78-9611,2021-02-10,19:24:40
35-9573886,877-67-2008,2021-02-16,3:16:28
84-8745092,756-66-8231,2021-02-19,22:57:01
24-4494573,459-25-4677,2021-02-12,13:13:45
54-7191013,808-91-2831,2021-02-09,16:58:18
49-3064894,435-63-2219,2021-02-11,0:48:23
84-8808640,717-22-2133,2021-02-13,7:44:30
98-9877771,430-13-9051,2021-02-09,4:12:33
14-2154772,100-30-9675,2021-02-09,19:10:00
66-8301695,650-07-5603,2021-02-07,22:28:59
01-8778495,640-87-8649,2021-02-16,19:54:35
58-1070461,332-68-4888,2021-02-16,15:54:17
31-3104734,653-05-5629,2021-02-13,2:49:20
11-7862929,423-20-7647,2021-02-19,4:31:03
22-0154224,711-82-0974,2021-02-14,10:36:26
83-1148499,784-18-0134,2021-02-16,15:57:34
70-5968187,172-43-9067,2021-02-19,14:11:09
02-4091174,725-79-9398,2021-02-11,20:24:30
11-7012039,639-14-1259,2021-02-15,16:06:30
93-0430208,389-85-4534,2021-02-17,19:11:24
68-2819922,709-21-6440,2021-02-10,13:35:02
39-8743562,665-63-3378,2021-02-19,6:14:33
53-5425550,555-53-5807,2021-02-12,10:08:40
86-7315713,404-15-1915,2021-02-20,3:33:52
80-6683108,168-84-0728,2021-02-16,1:45:55
36-8977027,834-06-9306,2021-02-17,5:14:52
03-1952207,754-41-4377,2021-02-19,22:18:44
36-4183796,397-20-4859,2021-02-12,3:52:35
91-4628814,104-04-2707,2021-02-20,19:31:11
07-6498619,537-91-9453,2021-02-11,20:41:10
53-3059909,713-71-2655,2021-02-08,14:49:25
64-3807424,429-04-2583,2021-02-10,11:17:14
73-4603815,383-26-0277,2021-02-08,17:12:42
26-5661870,107-10-3320,2021-02-07,18:34:18
95-5073711,719-36-2640,2021-02-14,12:54:30
45-6849657,445-19-2400,2021-02-15,20:55:55
45-4202335,539-92-3840,2021-02-11,7:31:50
43-5329006,589-70-1090,2021-02-14,3:39:29
35-6675291,441-66-4669,2021-02-07,11:48:59
57-1756586,322-08-0508,2021-02-19,15:46:00
95-6749631,719-01-6586,2021-02-19,7:08:54
24-7683761,630-18-8795,2021-02-10,0:01:02
51-1825045,817-89-5770,2021-02-17,17:22:23
05-3818933,443-31-9318,2021-02-18,10:18:52
24-9985366,264-64-7904,2021-02-20,17:26:59
94-5804227,497-97-9365,2021-02-12,9:40:21
62-1157170,749-73-9392,2021-02-13,19:50:56
84-8492829,798-51-0809,2021-02-18,9:56:45
42-1699834,466-31-9757,2021-02-13,12:46:50
56-1999939,157-47-8081,2021-02-17,1:24:49
62-2424327,136-16-4848,2021-02-15,5:03:33
95-6642053,413-03-4787,2021-02-19,7:03:26
27-8717359,692-10-8366,2021-02-13,5:39:46
56-2063241,358-23-6694,2021-02-13,23:07:41
10-5024884,342-35-6452,2021-02-16,7:18:54
21-1565639,416-28-1702,2021-02-19,0:24:32
60-7644474,720-38-5912,2021-02-10,19:56:15
85-3243583,595-71-4824,2021-02-12,23:14:55
99-7405912,557-38-0286,2021-02-16,21:07:11
19-0979144,187-60-1927,2021-02-10,23:02:36
54-4366035,451-31-1208,2021-02-08,21:05:15
14-9973839,898-30-2226,2021-02-09,19:10:40
66-6901781,875-86-9664,2021-02-15,22:44:08
45-6264369,224-28-9515,2021-02-13,9:38:44
40-6712402,512-39-3747,2021-02-07,14:03:13
16-4594549,406-43-8118,2021-02-12,12:46:35
20-6703906,190-30-6857,2021-02-17,15:15:55
33-4866147,649-06-0547,2021-02-15,21:53:28
04-9547819,144-82-7573,2021-02-11,21:15:10
07-2985515,304-88-9052,2021-02-07,21:44:08
91-9315409,676-10-3196,2021-02-09,21:14:21
48-6990483,486-76-0160,2021-02-14,9:35:37
84-9044314,377-98-0359,2021-02-15,5:11:59
63-3074790,849-20-1926,2021-02-19,13:46:03
16-3893192,407-52-5466,2021-02-09,1:38:59
67-1095912,418-65-8672,2021-02-20,7:21:22
38-8998833,843-10-5373,2021-02-12,3:00:04
18-3859164,608-27-0002,2021-02-10,12:37:36
27-9185071,423-02-0046,2021-02-12,9:51:02
88-3736428,895-62-0290,2021-02-13,17:23:21
87-4701001,361-55-1524,2021-02-11,11:54:20
19-1888723,222-39-2285,2021-02-20,9:49:00
35-0481576,290-16-6819,2021-02-14,15:29:41
20-7525462,737-55-5579,2021-02-11,2:54:14
88-6855929,347-54-2119,2021-02-08,7:55:49
59-9145335,878-47-1486,2021-02-12,10:31:12
48-0782660,648-76-1548,2021-02-07,18:43:13
46-9170147,258-69-3099,2021-02-17,19:49:23
95-2396852,429-25-2582,2021-02-19,19:48:43
65-3419539,525-60-6805,2021-02-10,1:47:25
60-3986982,748-77-9685,2021-02-09,1:09:42
12-9935147,352-90-6549,2021-02-20,22:43:12
52-6807436,275-33-0780,2021-02-12,16:53:27
28-4155563,216-96-5863,2021-02-14,19:33:04
56-2389793,701-11-1646,2021-02-07,5:07:54
89-9656852,541-40-4423,2021-02-10,6:03:28
67-8866094,677-62-6979,2021-02-13,9:27:48
99-4328776,679-30-7694,2021-02-19,14:10:42
45-4865707,585-71-0252,2021-02-18,10:41:10
41-9449881,388-99-9108,2021-02-18,5:33:54
85-4978731,234-90-1217,2021-02-11,7:42:01
58-8377809,869-99-2555,2021-02-17,22:10:37
11-5984392,823-38-0747,2021-02-19,12:32:44
76-8467900,672-02-2430,2021-02-20,23:07:55
74-4316097,425-61-3447,2021-02-12,17:14:40
43-5862641,752-30-4427,2021-02-08,21:30:06
43-2774427,209-29-1908,2021-02-08,3:08:45
54-1540627,517-98-3689,2021-02-12,5:21:46
68-6493956,198-38-2443,2021-02-11,19:00:11
87-8856084,362-08-1438,2021-02-19,15:49:01
55-1227416,220-31-5578,2021-02-18,11:30:18
81-3694943,234-31-8470,2021-02-15,20:38:02
77-7944754,704-27-7781,2021-02-10,1:01:32
37-3617297,341-29-8117,2021-02-18,13:12:14
39-3454476,396-44-7774,2021-02-08,10:10:35
10-0374290,792-45-9811,2021-02-13,10:59:50
91-7357046,251-51-5389,2021-02-08,11:20:56
98-9769936,225-02-9302,2021-02-20,18:51:38
66-6378375,791-32-6929,2021-02-09,11:55:34
73-7166421,131-75-0345,2021-02-13,5:11:15
73-8209425,285-83-9966,2021-02-14,1:24:58
19-4304851,393-20-2331,2021-02-19,14:42:18
93-9230256,170-88-7015,2021-02-10,16:43:35
26-5790738,416-51-2119,2021-02-20,3:57:00
45-6683169,364-43-0266,2021-02-20,0:29:34
56-8199333,869-72-9651,2021-02-16,2:34:36
02-0604111,226-97-5641,2021-02-18,11:31:29
51-3952053,645-41-6338,2021-02-07,19:10:37
95-8790392,897-40-8979,2021-02-07,22:15:17
45-0556317,792-01-7609,2021-02-10,9:58:19
69-1225501,207-72-2490,2021-02-18,8:20:25
91-8663520,296-06-8859,2021-02-10,15:47:19
32-7723583,226-80-4300,2021-02-12,9:25:14
46-5008402,539-90-1120,2021-02-11,6:37:35
92-3827560,483-89-7267,2021-02-19,2:47:24
13-5518642,201-31-4853,2021-02-07,0:39:05
36-4892533,616-61-7569,2021-02-19,7:07:59
12-3571572,655-04-2632,2021-02-11,4:22:00
87-6929736,769-13-3810,2021-02-20,2:33:44
59-5070449,575-65-2767,2021-02-09,8:48:34
80-8446893,422-15-3650,2021-02-14,21:43:14
66-5134925,879-94-6620,2021-02-07,16:49:46
82-4139161,220-99-8528,2021-02-11,15:43:52
24-5923005,118-63-5349,2021-02-11,18:09:29
77-5877400,392-42-7270,2021-02-15,15:17:29
85-8101487,227-30-7720,2021-02-07,15:29:44
65-1351734,134-05-5918,2021-02-09,9:23:43
44-9354231,896-68-3070,2021-02-17,0:37:01
91-7763071,802-03-1030,2021-02-09,7:09:04
21-1856589,842-47-2393,2021-02-16,14:32:55
25-5842610,577-72-2052,2021-02-08,14:27:39
69-6889188,207-94-8333,2021-02-13,16:52:09
85-3305230,324-50-2400,2021-02-17,7:14:53
24-7552808,143-99-8736,2021-02-16,14:05:40
71-2594205,123-84-8926,2021-02-14,12:55:44
45-6369448,507-38-3004,2021-02-18,16:38:46
86-7212608,820-79-3560,2021-02-15,22:11:34
87-5168764,293-35-6297,2021-02-11,0:27:20
21-9131687,298-05-3802,2021-02-16,12:51:17
04-5820102,415-88-3711,2021-02-18,15:49:03
29-1157170,112-58-8308,2021-02-14,6:04:58
52-0995820,659-71-4493,2021-02-20,11:55:20
23-5783131,337-15-0366,2021-02-09,21:10:59
07-5074945,601-86-1015,2021-02-07,6:04:33
91-4884157,208-98-7185,2021-02-12,6:44:05
22-4708528,790-97-6709,2021-02-10,1:23:06
51-2891505,179-59-3882,2021-02-16,13:25:40
64-2950347,708-43-1559,2021-02-08,19:24:17
94-5149871,446-92-1244,2021-02-14,2:51:05
32-8247532,811-88-3745,2021-02-17,7:13:38
84-4024250,887-68-8428,2021-02-11,4:43:14
08-6924967,844-51-1629,2021-02-18,21:47:27
07-7587178,342-16-8531,2021-02-13,21:36:12
29-7124282,326-99-9078,2021-02-20,14:40:42
87-1044789,630-70-0044,2021-02-11,16:22:26
92-9421271,111-86-7400,2021-02-10,7:03:46
47-5522678,422-59-9757,2021-02-14,17:30:18
29-0758105,627-72-2229,2021-02-09,20:26:48
56-9134113,239-30-8375,2021-02-11,11:20:05
38-5397443,630-27-0211,2021-02-11,16:03:55
94-9623966,740-74-1683,2021-02-11,10:10:44
72-0712246,542-04-7627,2021-02-20,8:18:47
02-8094113,560-02-2052,2021-02-08,14:25:02
39-1715258,672-10-2385,2021-02-17,11:36:02
65-7866092,874-81-8487,2021-02-16,23:28:24
32-4982560,884-53-1398,2021-02-15,11:03:00
13-1339344,522-09-6285,2021-02-19,22:47:30
22-3526817,362-63-1714,2021-02-12,17:55:19
02-8280347,586-51-7001,2021-02-08,20:34:00
54-3032141,550-18-4505,2021-02-20,16:49:32
36-4294193,710-53-4211,2021-02-18,14:16:01
53-8950183,183-32-7348,2021-02-07,22:48:34
59-5368219,751-18-0600,2021-02-18,19:20:48
07-9901685,310-31-7843,2021-02-17,19:57:07
66-0409207,563-07-8808,2021-02-10,2:44:55
08-5914344,886-78-0750,2021-02-18,19:13:11
85-0697462,326-17-9658,2021-02-13,20:49:50
88-9024939,549-47-7635,2021-02-08,21:15:03
54-6984342,600-77-1534,2021-02-09,20:51:22
68-6195049,503-52-0578,2021-02-17,23:21:24
34-7559692,301-61-8219,2021-02-11,1:41:37
42-2741581,664-59-1173,2021-02-09,14:01:56
39-0469868,293-91-5133,2021-02-17,0:08:50
71-0640102,745-03-0922,2021-02-12,23:53:02
63-9819055,740-89-4402,2021-02-13,14:09:02
71-8839295,557-75-1855,2021-02-15,10:16:52
56-7545867,361-49-3219,2021-02-18,0:09:02
89-9657931,319-36-5084,2021-02-12,4:09:02
31-6051821,343-38-9684,2021-02-13,3:37:17
42-0420583,867-39-6880,2021-02-07,8:29:19
72-4510716,393-60-8574,2021-02-13,1:34:11
22-5014441,506-17-4648,2021-02-16,22:00:33
40-8051928,493-51-8756,2021-02-20,11:05:19
82-9267838,708-58-3471,2021-02-09,17:12:01
48-1099682,497-14-1191,2021-02-14,5:49:28
14-5549172,248-54-4315,2021-02-17,15:40:12
06-8345375,392-48-3213,2021-02-14,22:18:41
81-2950184,230-91-7175,2021-02-08,3:43:27
77-1994058,753-41-6243,2021-02-09,11:05:25
80-0501844,418-46-5391,2021-02-18,4:21:51
23-0740499,272-84-6367,2021-02-19,1:40:02
07-0282371,264-39-7488,2021-02-13,9:49:53
17-9366030,158-32-2089,2021-02-10,22:42:57
44-9555305,262-60-1429,2021-02-11,15:58:47
93-6469130,387-16-7364,2021-02-08,6:10:03
45-9389496,150-28-0696,2021-02-09,17:17:24
28-3391481,761-68-5861,2021-02-08,5:11:58
00-6991629,376-81-9031,2021-02-13,2:27:41
85-7194029,151-90-2827,2021-02-20,8:28:18
85-4311643,265-88-6316,2021-02-14,17:46:03
47-5596414,848-57-0644,2021-02-18,7:43:59
67-4893427,743-69-5728,2021-02-20,4:35:13
61-8558070,355-38-8834,2021-02-16,20:17:17
42-6804279,300-74-2230,2021-02-12,23:13:42
56-8389527,510-92-9589,2021-02-14,11:35:14
49-2281056,732-35-6461,2021-02-15,9:33:20
33-4289112,298-20-7448,2021-02-09,3:20:04
86-0622690,329-40-2301,2021-02-14,16:27:17
69-0200227,786-56-1542,2021-02-14,9:00:08
96-4806033,894-47-4970,2021-02-20,13:16:06
94-7370878,881-65-4055,2021-02-14,23:15:42
57-3357101,738-39-4343,2021-02-14,22:01:01
09-6071374,276-66-0705,2021-02-08,14:24:50
22-1110811,185-10-8712,2021-02-15,20:27:28
06-2139923,397-78-1736,2021-02-14,13:18:03
02-9368704,162-63-1147,2021-02-16,20:24:26
39-1043016,494-60-5634,2021-02-07,9:32:24
85-1558875,447-47-7102,2021-02-09,21:11:36
28-0919861,433-96-2491,2021-02-20,15:18:25
28-5392604,411-79-2708,2021-02-19,17:23:27
48-3606195,142-45-4364,2021-02-18,10:14:27
26-2980214,433-41-8975,2021-02-12,19:58:27
90-9962248,848-18-4235,2021-02-20,0:14:45
84-8565318,849-29-1409,2021-02-11,2:41:16
35-6433113,893-81-4416,2021-02-15,23:44:44
22-8006773,799-23-1021,2021-02-19,8:24:18
05-1700277,865-04-9101,2021-02-12,10:33:29
64-6831147,871-01-6834,2021-02-09,3:45:06
59-7045967,237-08-4054,2021-02-08,20:13:11
80-2685759,198-36-8718,2021-02-17,1:55:59
21-6710215,528-69-6043,2021-02-11,19:42:47
89-5121734,821-80-5156,2021-02-19,1:48:56
66-8481755,671-47-0058,2021-02-10,0:10:04
09-5765817,624-30-9677,2021-02-13,17:35:18
91-4900855,789-88-8394,2021-02-07,3:32:14
64-8703952,109-79-5810,2021-02-11,4:23:17
08-7830766,366-76-6806,2021-02-14,2:08:16
17-9822822,851-12-7105,2021-02-20,17:14:32
35-9683402,356-03-3192,2021-02-13,14:36:59
18-5244150,744-51-1704,2021-02-07,14:14:38
08-0329542,742-28-0162,2021-02-14,10:29:17
51-4740450,473-39-4149,2021-02-17,16:01:11
66-3594109,133-82-5525,2021-02-17,20:26:14
70-4964169,311-30-3528,2021-02-10,17:39:40
70-2191650,507-59-0248,2021-02-15,0:10:25
90-9897663,654-98-3843,2021-02-08,15:07:29
92-4707238,810-42-5019,2021-02-14,2:47:46
86-3228915,730-65-9462,2021-02-09,0:51:41
47-5282090,163-59-4874,2021-02-12,15:24:51
38-9038761,782-49-3575,2021-02-12,11:46:50
72-1214600,441-67-7367,2021-02-19,3:57:35
20-5551327,210-42-8295,2021-02-07,8:58:30
86-6335727,475-69-1858,2021-02-15,12:21:22
36-5802727,531-22-0992,2021-02-16,13:24:57
15-1086908,641-69-0321,2021-02-08,5:25:57
51-3763547,340-07-0097,2021-02-16,12:43:02
06-2549693,833-96-0460,2021-02-16,16:43:07
02-1456923,646-03-5103,2021-02-20,12:35:25
24-2866046,777-89-4985,2021-02-12,4:58:29
67-2624075,643-50-6277,2021-02-07,21:15:51
01-4401127,533-47-1358,2021-02-11,7:18:40
46-4693830,590-02-6737,2021-02-14,14:09:09
86-1332330,841-78-5706,2021-02-17,2:22:59
87-3611238,463-25-3945,2021-02-19,0:46:54
05-9273510,266-01-0983,2021-02-07,6:32:57
59-2001984,328-62-8311,2021-02-07,3:11:42
05-4432395,103-58-4566,2021-02-19,2:05:10
40-4548637,815-18-1506,2021-02-13,12:15:34
83-5797010,870-55-4563,2021-02-12,7:10:31
00-3491701,236-23-0825,2021-02-07,4:01:49
62-3957909,753-97-8615,2021-02-14,13:20:03
19-8870687,499-43-6879,2021-02-09,10:55:27
24-3371900,191-54-2666,2021-02-18,6:14:34
74-5722426,458-65-6878,2021-02-16,3:14:15
86-6672647,242-38-2668,2021-02-09,9:33:22
28-7414730,130-74-3596,2021-02-15,1:29:18
40-3423299,805-74-4005,2021-02-08,6:21:52
43-8900304,450-88-8946,2021-02-16,0:35:31
71-8000840,319-12-8293,2021-02-18,0:59:11
04-8407091,477-17-4294,2021-02-13,7:32:14
63-9810430,518-64-3179,2021-02-20,7:55:53
79-5488525,594-01-6623,2021-02-12,17:33:57
78-3497083,347-07-1092,2021-02-12,8:26:38
57-7538938,246-30-1376,2021-02-07,9:12:22
42-2088927,720-04-5598,2021-02-18,2:17:29
96-3274640,855-74-0353,2021-02-08,7:00:15
12-3601356,382-63-8819,2021-02-08,21:59:58
44-6108102,310-19-5179,2021-02-07,4:11:35
85-9929691,699-06-2932,2021-02-11,19:10:50
18-7683902,709-38-3671,2021-02-09,23:38:00
40-7292854,356-95-8894,2021-02-13,6:53:39
28-9333550,780-18-1344,2021-02-16,11:19:20
59-3851372,234-33-7358,2021-02-09,4:34:01
50-6668288,193-72-7779,2021-02-18,14:35:10
38-3528279,109-90-6094,2021-02-17,21:33:36
96-9952383,816-04-1979,2021-02-15,10:21:46
06-2453426,885-52-2339,2021-02-10,21:10:15
81-2950978,552-32-3415,2021-02-20,6:09:33
83-5525848,716-75-9794,2021-02-09,19:55:20
11-9337305,279-27-2708,2021-02-14,9:56:24
30-3956718,523-05-6030,2021-02-13,1:08:33
28-3399277,532-23-3990,2021-02-17,22:04:24
51-4378562,899-35-4708,2021-02-09,11:33:57
57-7328301,436-93-5852,2021-02-18,15:26:42
69-5836067,401-73-6542,2021-02-12,6:42:21
93-9231138,621-40-2712,2021-02-08,21:59:42
44-5698916,153-45-6270,2021-02-15,19:11:06
95-7850420,363-41-5644,2021-02-13,17:16:47
58-7698665,823-27-1807,2021-02-15,7:05:04
56-1228102,602-42-0939,2021-02-15,11:57:02
13-1560333,823-96-2225,2021-02-14,1:18:13
58-5923226,409-13-0404,2021-02-20,17:02:15
94-3419860,811-68-2977,2021-02-19,23:42:08
62-0201370,553-76-2713,2021-02-12,9:00:38
52-5436982,808-52-1135,2021-02-13,6:01:20
82-9651793,496-16-8769,2021-02-14,16:29:27
39-5852679,508-29-3632,2021-02-13,21:39:59
98-6617844,630-93-6928,2021-02-17,14:22:20
05-6480236,557-95-7758,2021-02-09,10:55:21
29-6143936,111-51-2694,2021-02-20,0:42:14
99-9372272,318-90-2579,2021-02-12,17:14:56
17-7669310,124-81-5463,2021-02-20,14:13:39
92-2258879,194-26-4286,2021-02-13,13:44:56
95-5044859,328-36-8126,2021-02-10,3:58:20
28-0946947,812-53-9947,2021-02-12,13:18:01
01-5976452,510-26-5568,2021-02-14,20:51:24
16-3950110,529-30-7135,2021-02-10,15:23:59
97-6919799,340-43-6778,2021-02-18,2:36:34
08-8221372,735-53-3282,2021-02-10,0:49:49
94-0839153,138-48-7224,2021-02-19,13:47:02
44-0288797,589-15-1545,2021-02-14,13:36:38
84-2852922,730-45-4500,2021-02-12,6:19:25
54-1409396,484-16-5688,2021-02-07,16:29:30
14-9984859,864-69-6177,2021-02-12,12:39:13
17-6032164,473-12-8892,2021-02-16,4:39:22
71-8347585,616-26-7996,2021-02-13,22:23:59
63-5329992,772-01-9378,2021-02-18,21:36:59
34-3160390,284-29-7357,2021-02-13,7:35:21
60-1708477,636-51-7433,2021-02-08,19:22:20
31-4992117,791-60-4835,2021-02-12,3:48:28
15-5342056,335-26-1579,2021-02-12,17:42:41
74-7985221,604-55-3246,2021-02-08,22:08:35
45-7634441,481-33-8579,2021-02-07,8:31:05
01-7804458,386-94-6803,2021-02-15,11:55:16
96-5499028,678-87-8056,2021-02-10,9:09:40
48-7197319,103-42-2167,2021-02-12,5:29:31
49-7517582,264-62-2661,2021-02-09,7:07:12
17-2702455,213-14-5050,2021-02-20,22:36:35
08-2885266,175-46-7580,2021-02-18,11:32:39
01-6929183,417-37-2240,2021-02-15,22:37:06
96-4421004,180-38-7659,2021-02-18,21:32:34
26-0261189,110-43-5062,2021-02-07,15:17:49
96-9920323,433-73-4491,2021-02-16,7:28:43
03-5068188,314-29-6968,2021-02-14,21:46:10
70-7850904,664-66-8850,2021-02-07,8:57:09
26-9782799,758-05-5292,2021-02-12,3:58:20
99-3743575,257-42-2709,2021-02-16,15:43:33
82-9436721,835-61-5307,2021-02-07,16:21:24
25-2596364,312-34-0854,2021-02-07,3:49:07
11-0319771,863-90-2720,2021-02-14,20:02:34
79-5318446,657-76-7080,2021-02-07,0:17:46
61-3498655,563-50-9517,2021-02-11,0:02:19
89-4807184,773-87-8993,2021-02-18,11:31:22
00-5345227,233-12-2587,2021-02-20,21:15:31
29-9134156,234-80-9826,2021-02-13,15:33:14
65-1054639,331-37-3728,2021-02-13,13:17:51
87-5107121,101-03-8851,2021-02-17,17:47:34
06-4961771,432-71-7185,2021-02-09,1:18:12
21-3036831,176-71-8268,2021-02-07,6:29:33
69-8897093,520-98-2329,2021-02-10,14:04:54
32-5250521,800-05-9986,2021-02-15,12:23:54
74-3778506,196-81-9076,2021-02-09,0:59:47
35-5107355,180-82-5534,2021-02-11,5:34:09
94-5803191,463-42-7536,2021-02-13,17:18:09
76-8701653,191-90-1032,2021-02-20,13:20:57
79-4591664,435-80-0674,2021-02-19,4:02:00
85-7792937,652-67-7675,2021-02-07,6:45:41
24-7301454,778-76-4749,2021-02-11,2:57:16
92-7705715,345-32-2489,2021-02-09,1:18:48
89-1968773,150-36-5789,2021-02-14,23:10:21
82-5187060,345-78-7735,2021-02-07,19:39:08
47-4842326,811-28-8002,2021-02-18,12:43:32
93-0477975,774-32-7567,2021-02-19,20:00:15
57-2656755,466-12-7124,2021-02-20,4:06:37
53-2089017,692-01-0952,2021-02-09,19:14:22
54-0392527,194-13-2381,2021-02-12,10:50:25
79-6052405,239-96-8885,2021-02-08,11:03:20
56-6496916,306-91-2554,2021-02-20,16:58:45
40-8325655,159-28-8720,2021-02-07,13:55:09
33-6390123,428-13-8734,2021-02-19,7:26:30
29-9983772,142-36-6918,2021-02-18,16:21:31
30-1779236,454-10-4081,2021-02-17,20:19:44
95-9474394,329-84-1531,2021-02-20,23:18:08
08-2815099,330-84-1831,2021-02-12,7:48:36
84-4186138,110-11-6514,2021-02-19,0:46:07
17-8885622,162-34-7291,2021-02-15,20:24:19
73-8359579,199-88-7339,2021-02-10,14:47:25
05-1469805,507-11-5354,2021-02-11,4:09:33
22-5541794,305-85-0302,2021-02-08,18:47:00
68-5593615,461-02-7807,2021-02-13,0:55:46
53-8005692,411-84-4218,2021-02-07,22:27:51
04-9668461,718-57-1402,2021-02-09,11:55:17
52-4928526,342-35-5742,2021-02-10,15:52:19
08-6563705,178-95-9881,2021-02-17,19:48:28
54-0136182,616-14-2618,2021-02-15,0:55:38
49-9016626,811-29-9621,2021-02-11,21:54:43
42-4234970,838-68-3613,2021-02-19,8:23:30
83-7338258,677-85-0722,2021-02-20,12:15:05
69-2581850,843-30-0962,2021-02-14,6:15:16
13-2188689,752-06-7432,2021-02-12,15:32:05
66-9445128,749-07-4794,2021-02-19,4:24:42
60-3305943,358-45-9603,2021-02-09,10:58:55
44-2159097,458-31-0961,2021-02-17,7:20:12
32-1263188,277-68-2713,2021-02-09,11:22:05
53-9395469,468-38-1643,2021-02-10,1:46:45
79-1885695,108-45-2566,2021-02-15,10:03:51
85-3575118,193-41-8997,2021-02-11,5:27:10
78-8521929,508-41-4091,2021-02-14,19:10:04
18-2238556,497-10-5363,2021-02-11,10:15:56
40-3921311,550-33-5993,2021-02-19,16:50:25
93-3588223,285-49-5210,2021-02-19,21:29:44
52-7244183,884-55-8999,2021-02-14,5:19:29
96-3658550,665-09-4988,2021-02-08,7:00:23
97-7949830,219-10-5790,2021-02-14,16:11:40
37-1361951,498-16-6067,2021-02-10,16:02:19
44-6863380,583-29-8034,2021-02-07,1:25:44
40-7859632,440-49-1988,2021-02-10,1:29:18
17-1767768,753-30-1246,2021-02-19,20:28:35
06-1405903,884-57-2739,2021-02-09,13:30:38
60-0436777,188-36-2369,2021-02-14,13:45:51
00-9782491,319-78-7153,2021-02-11,12:04:49
74-5554803,480-85-9936,2021-02-07,7:00:13
53-5932552,690-89-4716,2021-02-12,6:17:10
84-5276557,566-67-6324,2021-02-18,3:45:04
23-7806277,497-83-7823,2021-02-16,18:20:32
01-1083267,785-50-1262,2021-02-14,6:34:05
73-7956668,559-71-4321,2021-02-11,2:44:36
46-5448887,471-84-9809,2021-02-10,22:11:44
43-9196162,653-83-3759,2021-02-11,10:30:27
93-3965265,872-75-0826,2021-02-16,2:24:05
04-6016647,323-08-9287,2021-02-11,0:54:24
56-1943337,288-35-5789,2021-02-12,10:40:49
47-7727829,633-95-1437,2021-02-16,6:03:52
92-4882710,270-64-0313,2021-02-10,23:53:52
09-5573624,482-38-7791,2021-02-09,1:13:02
61-3085715,683-43-0165,2021-02-08,2:24:40
13-2145192,549-39-2470,2021-02-11,6:16:47
84-2716111,136-07-6319,2021-02-15,20:57:17
75-7024225,331-41-8369,2021-02-14,14:36:49
24-0189726,266-83-0010,2021-02-12,19:29:53
70-5029919,302-27-9137,2021-02-08,22:13:58
58-6196819,575-63-1516,2021-02-12,18:11:40
87-3062383,576-69-8008,2021-02-20,7:36:27
26-0748252,170-98-2263,2021-02-07,8:05:52
37-9734524,126-83-4463,2021-02-19,1:17:08
46-9719629,311-37-7873,2021-02-16,1:52:36
22-3744940,185-34-5310,2021-02-09,20:47:46
34-1471985,588-85-8792,2021-02-16,0:35:03
43-6145839,513-31-2059,2021-02-17,16:50:18
76-6353299,677-19-7420,2021-02-20,4:56:19
17-5492061,879-84-0265,2021-02-18,8:57:34
32-5916260,347-07-1921,2021-02-17,2:46:20
43-5250879,730-53-8012,2021-02-13,7:20:26
78-8341095,627-47-4426,2021-02-13,0:00:13
90-7508116,308-25-3136,2021-02-08,4:04:21
70-7867288,344-75-3720,2021-02-20,8:10:05
37-4800621,733-14-7641,2021-02-13,3:41:24
01-1521031,766-26-9562,2021-02-13,9:43:10
80-0197261,298-74-4994,2021-02-07,22:28:47
97-1698379,276-33-4938,2021-02-16,17:49:21
95-1791318,230-09-9868,2021-02-16,8:48:30
35-9573886,741-04-0328,2021-02-12,21:59:06
84-8745092,868-46-8360,2021-02-16,1:17:30
24-4494573,306-89-1409,2021-02-07,23:54:10
54-7191013,493-02-1524,2021-02-20,7:51:29
49-3064894,624-29-9345,2021-02-17,9:25:43
84-8808640,482-81-3291,2021-02-13,6:56:17
98-9877771,174-67-8572,2021-02-08,16:01:57
14-2154772,446-99-8771,2021-02-09,8:04:07
66-8301695,777-51-3820,2021-02-09,2:52:05
01-8778495,405-80-1749,2021-02-15,14:01:06
58-1070461,872-99-1969,2021-02-11,16:29:05
31-3104734,462-37-4217,2021-02-16,14:02:03
11-7862929,462-41-3749,2021-02-08,17:26:11
22-0154224,192-94-6209,2021-02-13,10:00:40
83-1148499,483-55-6757,2021-02-07,19:47:47
70-5968187,354-71-9241,2021-02-10,14:35:52
02-4091174,717-50-1348,2021-02-16,16:07:37
11-7012039,498-70-2255,2021-02-07,2:16:56
93-0430208,368-52-0722,2021-02-12,21:54:02
68-2819922,175-14-7892,2021-02-09,18:31:25
39-8743562,174-78-6208,2021-02-09,7:01:56
53-5425550,804-45-3314,2021-02-08,6:14:47
86-7315713,756-21-3351,2021-02-18,17:19:21
80-6683108,702-96-4574,2021-02-11,10:49:08
36-8977027,763-63-7242,2021-02-14,9:55:54
03-1952207,513-23-0796,2021-02-15,18:34:02
36-4183796,277-27-2818,2021-02-07,5:04:57
91-4628814,573-40-7682,2021-02-15,21:22:13
07-6498619,262-14-4262,2021-02-19,13:41:21
53-3059909,268-52-4620,2021-02-13,23:10:37
64-3807424,165-01-7989,2021-02-19,5:24:40
73-4603815,811-03-7506,2021-02-18,8:46:58
26-5661870,843-64-6054,2021-02-11,18:34:09
95-5073711,188-41-2829,2021-02-19,15:03:56
45-6849657,386-30-2326,2021-02-09,15:58:23
45-4202335,543-49-9075,2021-02-16,12:49:21
43-5329006,540-10-8280,2021-02-08,10:25:15
35-6675291,635-88-2186,2021-02-18,22:09:54
57-1756586,605-19-2117,2021-02-18,13:31:29
95-6749631,564-92-0383,2021-02-11,2:28:02
24-7683761,477-48-8532,2021-02-14,14:04:28
51-1825045,630-26-4405,2021-02-14,11:11:59
05-3818933,597-30-6237,2021-02-14,8:14:44
24-9985366,582-34-0140,2021-02-07,1:43:56
94-5804227,206-91-3926,2021-02-17,5:06:25
62-1157170,405-69-7717,2021-02-15,18:55:08
84-8492829,826-74-3994,2021-02-17,2:31:48
42-1699834,383-47-3459,2021-02-08,23:45:58
56-1999939,534-75-1679,2021-02-19,9:12:17
62-2424327,544-86-6088,2021-02-10,5:36:36
95-6642053,627-15-5618,2021-02-18,6:11:43
27-8717359,378-38-7721,2021-02-09,15:13:08
56-2063241,243-33-2207,2021-02-20,12:13:30
10-5024884,775-18-8628,2021-02-19,18:17:59
21-1565639,569-83-1325,2021-02-14,12:29:36
60-7644474,743-30-8760,2021-02-12,10:32:43
85-3243583,715-13-6177,2021-02-12,18:01:29
99-7405912,891-96-9820,2021-02-16,9:49:34
19-0979144,135-31-3210,2021-02-15,7:42:02
54-4366035,332-84-4699,2021-02-17,14:28:24
14-9973839,231-11-1854,2021-02-19,13:34:08
66-6901781,856-78-1727,2021-02-16,6:11:20
45-6264369,424-78-2525,2021-02-09,6:47:31
40-6712402,688-99-7601,2021-02-14,21:15:11
16-4594549,245-61-9644,2021-02-09,19:22:56
20-6703906,107-35-7458,2021-02-09,9:59:28
33-4866147,836-11-2091,2021-02-08,23:11:19
04-9547819,194-16-3279,2021-02-15,23:17:25
07-2985515,336-25-9039,2021-02-17,7:20:20
91-9315409,760-05-3164,2021-02-11,17:24:22
48-6990483,877-60-8038,2021-02-07,8:14:39
84-9044314,398-22-4550,2021-02-11,3:29:01
63-3074790,469-66-4346,2021-02-09,19:56:30
16-3893192,301-44-2755,2021-02-11,22:35:00
67-1095912,612-02-3783,2021-02-10,8:38:47
38-8998833,841-68-0834,2021-02-07,1:50:13
18-3859164,494-32-5353,2021-02-12,6:04:03
27-9185071,188-65-1349,2021-02-20,19:59:47
88-3736428,173-52-3101,2021-02-08,2:34:40
87-4701001,249-50-2607,2021-02-14,6:26:01
19-1888723,341-66-0188,2021-02-14,20:29:40
35-0481576,316-79-9916,2021-02-12,0:36:39
20-7525462,791-53-3137,2021-02-20,22:29:19
88-6855929,355-69-1351,2021-02-17,17:44:42
59-9145335,297-50-9542,2021-02-15,18:16:49
48-0782660,645-88-0794,2021-02-10,19:04:58
46-9170147,781-15-4149,2021-02-07,12:42:10
95-2396852,563-53-9381,2021-02-14,13:51:57
65-3419539,500-87-0090,2021-02-10,20:08:36
60-3986982,178-08-3621,2021-02-07,2:14:38
12-9935147,842-97-3494,2021-02-19,22:25:54
52-6807436,406-16-5487,2021-02-18,9:58:30
28-4155563,868-28-4992,2021-02-10,7:29:09
56-2389793,201-43-2973,2021-02-16,13:06:54
89-9656852,689-72-9249,2021-02-15,23:31:56
67-8866094,369-30-4506,2021-02-14,11:20:53
99-4328776,255-24-5094,2021-02-07,4:12:34
45-4865707,286-05-9819,2021-02-07,10:40:19
41-9449881,209-67-7487,2021-02-16,18:50:13
85-4978731,573-70-9499,2021-02-10,16:09:48
58-8377809,849-93-3593,2021-02-12,15:09:40
11-5984392,632-92-1875,2021-02-15,19:45:43
76-8467900,396-16-6224,2021-02-19,10:36:13
74-4316097,577-90-4012,2021-02-13,22:50:00
43-5862641,134-27-7909,2021-02-13,12:16:33
43-2774427,411-85-0012,2021-02-20,3:00:32
54-1540627,306-91-2420,2021-02-10,7:03:37
68-6493956,426-20-3209,2021-02-09,14:58:05
87-8856084,246-90-9690,2021-02-17,15:06:33
55-1227416,235-89-9460,2021-02-15,13:12:03
81-3694943,757-28-7626,2021-02-12,8:36:16
77-7944754,846-87-6547,2021-02-08,18:29:18
37-3617297,582-80-5743,2021-02-09,15:13:01
39-3454476,753-72-7141,2021-02-14,22:29:54
10-0374290,185-94-8981,2021-02-12,18:04:21
91-7357046,220-50-9478,2021-02-18,9:12:25
98-9769936,884-67-8935,2021-02-13,7:01:27
66-6378375,616-47-7883,2021-02-18,20:48:58
73-7166421,311-69-4285,2021-02-16,13:24:42
73-8209425,416-45-4821,2021-02-08,14:18:24
19-4304851,804-50-1049,2021-02-09,12:13:47
93-9230256,855-18-4980,2021-02-14,9:56:28
26-5790738,577-47-1862,2021-02-15,23:21:52
45-6683169,669-06-8482,2021-02-15,23:11:06
56-8199333,489-52-7834,2021-02-12,6:07:53
02-0604111,263-30-1069,2021-02-20,12:05:57
51-3952053,351-30-3155,2021-02-20,14:53:50
95-8790392,174-30-8424,2021-02-19,4:56:25
45-0556317,179-14-5137,2021-02-10,22:26:07
69-1225501,386-53-7055,2021-02-16,22:56:03
91-8663520,770-68-9180,2021-02-18,13:48:52
32-7723583,531-64-4112,2021-02-12,23:11:17
46-5008402,427-42-9895,2021-02-13,9:49:52
92-3827560,204-85-2819,2021-02-11,9:14:33
13-5518642,288-94-6355,2021-02-12,5:26:50
36-4892533,207-42-7140,2021-02-18,17:53:22
12-3571572,470-28-6295,2021-02-12,21:11:11
87-6929736,450-05-7272,2021-02-12,16:06:38
59-5070449,822-06-7943,2021-02-08,19:33:12
80-8446893,681-96-9131,2021-02-10,11:10:42
66-5134925,737-28-9057,2021-02-13,15:55:52
82-4139161,553-87-4601,2021-02-14,23:25:16
24-5923005,758-70-9343,2021-02-20,12:33:17
77-5877400,110-95-9685,2021-02-16,13:24:09
85-8101487,844-95-7471,2021-02-07,6:39:11
65-1351734,258-39-1201,2021-02-14,19:55:35
44-9354231,749-45-5279,2021-02-09,17:30:52
91-7763071,284-89-7668,2021-02-13,19:34:23
21-1856589,202-56-5096,2021-02-09,17:47:52
25-5842610,531-93-8802,2021-02-10,18:27:21
69-6889188,579-79-8402,2021-02-11,23:17:33
85-3305230,351-33-0998,2021-02-11,3:47:42
24-7552808,745-43-8193,2021-02-13,16:09:59
71-2594205,406-54-4350,2021-02-20,1:36:22
45-6369448,711-04-2343,2021-02-18,1:59:23
86-7212608,833-91-1999,2021-02-09,22:59:24
87-5168764,748-06-0917,2021-02-10,17:35:18
21-9131687,609-68-2318,2021-02-08,11:08:48
04-5820102,399-73-5089,2021-02-07,0:32:25
29-1157170,588-24-8989,2021-02-12,21:40:24
52-0995820,678-55-3590,2021-02-14,7:13:22
23-5783131,429-22-2217,2021-02-20,21:02:11
07-5074945,810-48-8710,2021-02-12,15:25:21
91-4884157,776-81-9053,2021-02-15,4:56:00
22-4708528,232-61-6632,2021-02-18,18:10:58
51-2891505,899-30-1664,2021-02-18,15:30:55
64-2950347,745-10-2422,2021-02-11,9:33:06
94-5149871,446-03-6696,2021-02-20,1:37:53
32-8247532,759-37-1352,2021-02-12,2:00:54
84-4024250,246-66-9321,2021-02-20,14:01:11
08-6924967,595-66-7310,2021-02-16,23:42:52
07-7587178,800-04-3306,2021-02-16,14:46:43
29-7124282,497-78-1307,2021-02-12,7:47:52
87-1044789,112-21-4059,2021-02-12,6:22:39
92-9421271,448-15-7200,2021-02-07,1:49:47
47-5522678,816-40-5759,2021-02-09,23:35:52
29-0758105,352-33-9969,2021-02-11,11:14:07
56-9134113,273-98-4499,2021-02-11,3:22:01
38-5397443,688-76-5012,2021-02-14,20:00:44
94-9623966,460-69-3409,2021-02-19,7:12:22
72-0712246,437-98-9387,2021-02-12,9:20:16
02-8094113,371-20-4171,2021-02-16,2:08:27
39-1715258,402-79-7973,2021-02-20,11:41:34
65-7866092,798-87-2762,2021-02-13,23:41:28
32-4982560,145-75-0279,2021-02-20,10:09:35
13-1339344,480-71-1278,2021-02-18,0:28:09
22-3526817,176-11-3531,2021-02-19,16:34:50
02-8280347,543-99-8290,2021-02-11,20:27:10
54-3032141,538-33-5308,2021-02-12,21:28:58
36-4294193,722-52-4126,2021-02-13,5:49:25
53-8950183,629-96-2205,2021-02-17,8:28:16
59-5368219,488-42-4367,2021-02-16,16:00:23
07-9901685,581-43-8909,2021-02-12,21:02:14
66-0409207,691-06-9776,2021-02-07,9:58:30
08-5914344,462-04-0241,2021-02-19,3:51:57
85-0697462,704-70-4400,2021-02-19,22:01:29
88-9024939,657-70-4279,2021-02-15,8:16:05
54-6984342,271-84-4988,2021-02-19,7:36:25
68-6195049,723-12-0905,2021-02-12,10:27:22
34-7559692,288-50-6583,2021-02-18,13:45:53
42-2741581,597-35-4802,2021-02-11,10:48:48
39-0469868,584-75-6677,2021-02-07,17:45:41
71-0640102,128-14-1724,2021-02-11,2:15:48
63-9819055,774-13-4471,2021-02-15,16:17:20
71-8839295,132-14-7905,2021-02-09,20:24:06
56-7545867,102-37-9242,2021-02-10,17:51:02
89-9657931,623-71-3973,2021-02-17,15:40:13
31-6051821,306-25-0216,2021-02-17,1:47:17
42-0420583,454-40-6328,2021-02-16,0:08:46
72-4510716,761-55-9149,2021-02-20,20:04:23
22-5014441,754-56-7805,2021-02-14,12:47:37
40-8051928,628-29-5480,2021-02-11,7:24:32
82-9267838,281-72-0763,2021-02-20,5:40:28
48-1099682,738-06-0060,2021-02-15,0:43:25
14-5549172,615-84-5767,2021-02-11,4:02:55
06-8345375,760-64-1629,2021-02-09,1:38:13
81-2950184,676-14-5728,2021-02-15,17:43:53
77-1994058,495-86-8431,2021-02-09,5:28:28
80-0501844,454-38-0119,2021-02-12,22:51:59
23-0740499,582-33-6088,2021-02-16,21:13:53
07-0282371,371-71-7712,2021-02-12,18:17:37
17-9366030,739-07-2877,2021-02-13,18:25:28
44-9555305,344-61-7528,2021-02-09,4:00:30
93-6469130,533-87-5460,2021-02-20,18:54:11
45-9389496,686-98-4767,2021-02-14,4:47:54
28-3391481,512-96-6705,2021-02-19,14:50:02
00-6991629,108-85-8966,2021-02-14,20:16:41
85-7194029,393-11-2471,2021-02-08,17:28:57
85-4311643,200-67-8264,2021-02-13,16:46:04
47-5596414,483-69-9575,2021-02-15,14:17:11
67-4893427,323-28-6391,2021-02-08,14:42:14
61-8558070,580-89-7487,2021-02-12,4:03:06
42-6804279,519-50-9879,2021-02-15,19:50:03
56-8389527,323-28-7411,2021-02-09,2:08:00
49-2281056,521-29-2713,2021-02-09,2:07:34
33-4289112,111-85-6312,2021-02-19,5:02:47
86-0622690,784-83-6646,2021-02-16,6:12:45
69-0200227,328-99-9223,2021-02-10,8:33:02
96-4806033,275-07-1103,2021-02-19,17:44:53
94-7370878,247-14-8315,2021-02-10,14:50:01
57-3357101,351-67-9865,2021-02-13,11:06:52
09-6071374,544-90-7912,2021-02-15,0:10:22
22-1110811,527-72-7611,2021-02-08,5:35:41
06-2139923,209-09-4691,2021-02-15,1:07:25
02-9368704,691-50-2703,2021-02-16,2:08:36
39-1043016,307-99-5330,2021-02-19,10:36:36
85-1558875,414-24-7488,2021-02-18,5:54:38
28-0919861,319-16-7305,2021-02-11,18:04:45
28-5392604,345-56-7117,2021-02-12,19:33:28
48-3606195,526-93-8433,2021-02-13,17:15:29
26-2980214,426-02-2050,2021-02-12,2:35:05
90-9962248,339-13-2850,2021-02-16,12:11:36
84-8565318,281-23-9030,2021-02-12,1:50:28
35-6433113,621-18-2183,2021-02-16,2:43:11
22-8006773,394-86-4303,2021-02-15,1:56:19
05-1700277,383-16-2472,2021-02-12,22:09:26
64-6831147,128-05-4776,2021-02-20,11:27:13
59-7045967,212-42-0125,2021-02-15,2:54:13
80-2685759,232-14-8260,2021-02-14,6:21:47
21-6710215,770-68-9641,2021-02-12,1:47:19
89-5121734,172-73-5334,2021-02-14,1:06:58
66-8481755,649-06-8559,2021-02-12,3:51:45
09-5765817,720-41-8792,2021-02-16,16:15:04
91-4900855,751-74-1728,2021-02-08,15:16:25
64-8703952,768-95-8192,2021-02-18,5:52:17
08-7830766,890-10-6335,2021-02-19,14:54:16
17-9822822,161-28-0329,2021-02-12,18:40:22
35-9683402,280-74-5549,2021-02-09,6:18:33
18-5244150,298-99-1127,2021-02-19,17:43:25
08-0329542,734-76-8140,2021-02-19,13:06:57
51-4740450,815-55-4216,2021-02-08,6:56:27
66-3594109,625-91-1858,2021-02-16,5:26:07
70-4964169,372-80-5831,2021-02-09,9:49:10
70-2191650,839-73-9208,2021-02-12,22:54:20
90-9897663,757-32-5923,2021-02-16,3:10:33
92-4707238,407-44-0075,2021-02-15,21:37:06
86-3228915,715-71-7292,2021-02-09,6:44:03
47-5282090,145-52-6305,2021-02-14,15:09:07
38-9038761,332-89-5565,2021-02-15,2:22:06
72-1214600,149-91-3219,2021-02-07,21:54:19
20-5551327,280-86-5218,2021-02-20,16:42:56
86-6335727,818-37-9543,2021-02-07,2:37:23
36-5802727,676-82-2365,2021-02-13,22:09:33
15-1086908,150-39-6472,2021-02-07,20:01:18
51-3763547,752-45-0034,2021-02-18,14:57:23
06-2549693,585-34-8830,2021-02-19,22:48:27
02-1456923,473-38-3723,2021-02-09,1:33:31
24-2866046,546-39-1481,2021-02-09,3:05:24
67-2624075,113-31-3405,2021-02-13,16:23:16
01-4401127,832-39-1218,2021-02-10,15:46:02
46-4693830,712-59-0596,2021-02-11,20:09:05
86-1332330,877-86-8040,2021-02-18,17:47:38
87-3611238,538-49-9737,2021-02-14,0:14:21
05-9273510,119-92-7673,2021-02-12,6:11:37
59-2001984,829-02-0493,2021-02-09,1:22:28
05-4432395,545-18-5761,2021-02-12,6:25:19
40-4548637,114-44-0507,2021-02-15,11:40:03
83-5797010,800-82-5451,2021-02-16,10:33:32
00-3491701,844-51-2614,2021-02-13,3:43:45
62-3957909,608-06-0995,2021-02-11,3:38:58
19-8870687,416-84-4075,2021-02-13,6:51:28
24-3371900,217-51-4425,2021-02-12,23:22:16
74-5722426,357-31-4190,2021-02-20,7:42:22
86-6672647,125-12-0653,2021-02-12,12:32:32
28-7414730,570-31-3227,2021-02-18,20:53:38
40-3423299,136-34-7533,2021-02-13,23:57:10
43-8900304,451-34-9971,2021-02-18,10:59:10
71-8000840,754-50-8444,2021-02-14,14:14:15
04-8407091,423-90-5414,2021-02-13,12:16:22
63-9810430,199-70-5471,2021-02-17,21:05:45
79-5488525,557-75-6916,2021-02-15,15:15:42
78-3497083,137-26-3062,2021-02-12,17:48:38
57-7538938,736-26-2030,2021-02-17,12:46:54
42-2088927,467-09-3294,2021-02-13,2:05:46
96-3274640,609-99-3465,2021-02-10,21:04:04
12-3601356,497-21-3128,2021-02-14,3:18:44
44-6108102,497-36-1226,2021-02-19,3:48:19
85-9929691,617-40-9317,2021-02-20,22:04:10
18-7683902,549-01-5574,2021-02-07,6:02:05
40-7292854,118-65-5165,2021-02-16,2:06:28
28-9333550,622-45-4168,2021-02-18,16:54:54
59-3851372,628-83-6804,2021-02-09,0:43:41
50-6668288,729-71-9048,2021-02-20,20:12:24
38-3528279,632-57-8716,2021-02-10,0:39:16
96-9952383,321-86-5388,2021-02-15,23:16:29
06-2453426,826-79-3219,2021-02-14,4:45:42
81-2950978,850-93-5278,2021-02-08,9:17:36
83-5525848,147-26-7467,2021-02-15,0:09:54
11-9337305,471-45-1146,2021-02-17,15:06:43
30-3956718,158-52-8245,2021-02-15,3:17:12
28-3399277,576-02-9582,2021-02-13,19:57:37
51-4378562,130-16-0739,2021-02-19,16:59:00
57-7328301,575-92-8461,2021-02-12,13:00:39
69-5836067,120-25-3281,2021-02-20,2:32:44
93-9231138,223-98-3216,2021-02-17,17:41:48
44-5698916,465-35-1033,2021-02-14,14:03:17
95-7850420,766-75-2201,2021-02-07,14:06:13
58-7698665,322-05-1737,2021-02-11,8:32:30
56-1228102,297-37-9102,2021-02-09,17:21:44
13-1560333,232-53-8353,2021-02-19,3:41:39
58-5923226,823-42-8122,2021-02-17,8:00:29
94-3419860,521-58-3341,2021-02-11,6:15:41
62-0201370,507-86-7135,2021-02-18,6:34:27
52-5436982,256-08-9207,2021-02-12,22:14:50
82-9651793,212-65-7468,2021-02-18,22:56:30
39-5852679,705-89-2646,2021-02-20,8:18:09
98-6617844,339-16-3895,2021-02-16,17:12:28
05-6480236,444-80-4532,2021-02-09,12:12:51
29-6143936,776-66-7042,2021-02-18,23:12:12
99-9372272,296-99-8455,2021-02-08,15:01:31
17-7669310,213-55-1990,2021-02-14,5:45:02
92-2258879,324-74-9450,2021-02-18,5:07:12
95-5044859,314-07-1161,2021-02-19,3:19:36
28-0946947,513-65-6653,2021-02-14,14:17:59
01-5976452,791-91-7003,2021-02-15,8:49:47
16-3950110,494-37-6520,2021-02-09,15:20:10
97-6919799,307-08-1583,2021-02-17,15:31:46
08-8221372,442-37-9818,2021-02-11,4:37:27
94-0839153,550-52-7212,2021-02-07,3:16:40
44-0288797,723-03-3205,2021-02-07,11:15:35
84-2852922,192-86-7149,2021-02-08,11:04:11
54-1409396,243-11-1164,2021-02-16,14:35:34
14-9984859,374-94-8493,2021-02-13,15:25:41
17-6032164,447-87-2238,2021-02-09,12:49:44
71-8347585,300-08-6676,2021-02-07,5:39:18
63-5329992,361-58-1523,2021-02-20,16:48:53
34-3160390,659-20-9780,2021-02-07,2:07:57
60-1708477,123-32-3789,2021-02-13,15:55:39
31-4992117,593-69-7039,2021-02-14,13:42:47
15-5342056,415-70-0083,2021-02-15,6:36:13
74-7985221,802-53-7486,2021-02-11,17:06:44
45-7634441,597-59-3795,2021-02-20,20:10:30
01-7804458,683-24-6985,2021-02-07,13:40:40
96-5499028,709-84-0964,2021-02-12,8:18:49
48-7197319,448-22-2068,2021-02-19,6:23:21
49-7517582,382-07-1152,2021-02-14,8:59:34
17-2702455,599-82-6105,2021-02-10,12:30:36
08-2885266,297-68-1026,2021-02-10,19:09:14
01-6929183,657-29-0406,2021-02-10,8:08:06
96-4421004,783-71-7910,2021-02-09,11:05:23
26-0261189,338-95-3889,2021-02-20,15:53:28
96-9920323,729-72-2297,2021-02-09,23:05:09
03-5068188,819-29-1251,2021-02-16,7:55:08
70-7850904,335-44-4764,2021-02-09,20:54:51
26-9782799,680-24-8095,2021-02-13,16:29:12
99-3743575,526-57-4269,2021-02-07,14:34:13
82-9436721,131-88-0919,2021-02-09,10:38:12
25-2596364,163-93-1046,2021-02-12,11:17:57
11-0319771,148-09-5382,2021-02-20,21:15:41
79-5318446,660-64-1585,2021-02-16,15:13:09
61-3498655,461-53-2979,2021-02-17,13:25:40
89-4807184,538-94-3832,2021-02-09,13:02:10
00-5345227,665-84-8481,2021-02-10,6:31:29
29-9134156,504-05-9446,2021-02-07,13:33:05
65-1054639,500-11-6585,2021-02-17,11:43:16
87-5107121,143-44-9497,2021-02-14,13:06:44
06-4961771,770-02-8107,2021-02-17,4:50:39
21-3036831,432-50-4369,2021-02-16,1:57:43
69-8897093,745-40-6052,2021-02-16,11:17:02
32-5250521,653-31-5976,2021-02-14,20:17:26
74-3778506,105-26-0727,2021-02-19,8:25:38
35-5107355,433-88-0101,2021-02-19,3:06:14
