storeName,empId,Cleaned,DateTime
Topicshots,19-2071466,1,2021-02-20 10:02:39
Flipopia,88-0521971,0,2021-02-12 02:38:25
Feedspan,32-0027542,1,2021-02-13 14:52:46
Devpoint,00-3840703,1,2021-02-15 00:43:20
Feednation,31-4461601,0,2021-02-19 10:43:28
Quimm,62-7853702,0,2021-02-09 21:44:02
Edgeify,66-6748100,1,2021-02-11 05:04:50
Innotype,48-8780547,1,2021-02-20 22:40:42
Buzzbean,12-9123194,1,2021-02-20 08:49:28
Nlounge,54-9282103,1,2021-02-13 13:24:59
Photobug,62-3547960,1,2021-02-18 12:02:31
Bubblebox,12-8535116,0,2021-02-20 21:53:50
Dazzlesphere,13-3682478,0,2021-02-20 07:49:50
Zoombeat,66-6748100,1,2021-02-10 12:30:36
Topicstorm,66-2495099,1,2021-02-20 04:52:34
Twimbo,21-9034597,0,2021-02-14 14:34:11
Pixope,21-6747600,1,2021-02-16 07:07:16
Snaptags,17-8403717,1,2021-02-07 14:47:05
Buzzbean,81-1953211,1,2021-02-20 03:43:22
Vimbo,80-1433635,0,2021-02-10 04:43:10
Wikizz,45-8767419,1,2021-02-17 10:51:12
Camido,12-4438141,1,2021-02-10 02:41:59
Feedfire,63-3860912,0,2021-02-12 01:39:49
Nlounge,75-5784129,1,2021-02-08 14:56:49
Pixope,99-5666251,0,2021-02-20 16:08:43
Gigaclub,43-0795670,1,2021-02-16 07:51:53
Pixonyx,36-3352166,1,2021-02-17 03:16:37
Shufflester,05-0259339,0,2021-02-14 16:54:57
Photolist,21-3957512,1,2021-02-18 19:07:49
Camido,95-2531346,1,2021-02-20 16:23:07
Quatz,44-5333129,0,2021-02-17 09:04:23
Vinder,12-4705426,1,2021-02-18 11:31:07
Browsedrive,58-9954909,1,2021-02-12 22:52:49
Youfeed,26-7996374,0,2021-02-20 08:06:02
Zoomcast,28-7575236,0,2021-02-15 00:42:49
Aibox,92-8071886,1,2021-02-19 19:32:04
Avaveo,42-2151425,0,2021-02-20 02:30:28
Ailane,51-0941920,0,2021-02-15 13:50:14
Twitternation,92-8332072,0,2021-02-17 19:23:10
Ozu,62-9912433,0,2021-02-17 13:32:18
Bubblebox,36-6704699,0,2021-02-12 12:47:30
JumpXS,38-8223868,0,2021-02-16 01:39:36
Photolist,12-8535116,1,2021-02-16 10:22:59
Tagchat,62-7882697,1,2021-02-19 22:05:34
Kanoodle,76-4404151,1,2021-02-19 13:11:35
Ailane,67-3139133,0,2021-02-11 15:30:49
Quaxo,75-5154547,0,2021-02-15 02:39:49
Jaloo,64-8541226,1,2021-02-16 19:31:34
Realblab,22-8859596,0,2021-02-07 16:16:22
Flashset,40-7597948,1,2021-02-10 04:35:45
Bubblebox,21-6747600,1,2021-02-16 17:56:50
Yombu,56-2884952,1,2021-02-10 01:02:16
Riffpath,09-0080059,0,2021-02-14 09:45:06
Zoombeat,90-1866046,1,2021-02-16 02:42:30
Fatz,16-9335706,0,2021-02-18 23:27:46
Twimbo,99-5666251,1,2021-02-15 14:19:00
Topiczoom,28-8932517,0,2021-02-14 18:24:36
Realblab,18-3140583,1,2021-02-08 15:14:11
Shufflester,63-1724503,1,2021-02-15 21:57:49
Feednation,12-0219553,1,2021-02-08 07:37:04
Photobean,29-4307020,0,2021-02-15 21:29:57
Leexo,45-8767419,0,2021-02-10 15:36:21
Skippad,63-4075652,0,2021-02-18 09:43:48
Mydeo,14-7858821,1,2021-02-18 21:53:59
Aimbo,42-2273888,0,2021-02-08 19:24:09
Vinder,98-9080673,0,2021-02-07 00:29:45
Twitterlist,15-9939151,1,2021-02-17 14:34:15
Youtags,84-0248735,0,2021-02-14 00:13:19
Agivu,51-5639942,1,2021-02-08 03:37:10
Topicstorm,29-4307020,0,2021-02-10 19:32:05
Thoughtsphere,24-1297544,1,2021-02-07 22:13:34
Cogidoo,42-6253575,0,2021-02-11 09:50:00
Thoughtmix,12-0309837,0,2021-02-19 06:56:52
Topiclounge,73-7466705,0,2021-02-15 16:55:50
Rhynyx,79-6813897,0,2021-02-18 17:09:41
Meedoo,30-9602083,1,2021-02-19 04:11:20
Ntags,89-6881773,1,2021-02-10 17:04:35
Vimbo,65-2662455,0,2021-02-16 06:21:42
Browseblab,70-1780743,0,2021-02-16 15:51:16
Jaxworks,68-6505260,0,2021-02-15 00:51:13
Kazio,34-5923588,1,2021-02-20 06:09:30
Quimm,89-1929345,0,2021-02-19 07:09:37
Snaptags,94-0606394,1,2021-02-09 12:35:31
Kwinu,93-2152784,1,2021-02-09 00:25:33
Twinder,17-3653934,0,2021-02-15 14:14:28
Vinder,07-7303725,1,2021-02-18 00:51:42
Midel,83-0603234,1,2021-02-10 04:56:01
Meetz,86-0988520,0,2021-02-15 10:08:36
Minyx,45-8767419,1,2021-02-20 10:55:30
Zoomlounge,67-7372659,1,2021-02-08 08:36:38
Edgeclub,34-5923588,1,2021-02-19 21:14:58
Edgeify,02-2951735,0,2021-02-10 06:23:35
Tambee,58-9954909,1,2021-02-08 21:39:24
Innotype,06-6531790,0,2021-02-20 09:25:59
Bluejam,85-3576234,0,2021-02-07 01:16:45
Dynazzy,76-0924265,1,2021-02-18 15:54:55
Vitz,03-7894523,0,2021-02-16 06:40:00
Quimm,63-6164792,0,2021-02-09 14:56:42
Photospace,45-8779544,0,2021-02-20 15:28:16
Linklinks,65-2682395,0,2021-02-09 23:18:45
Shuffledrive,61-5292953,0,2021-02-16 20:41:34
Bubbletube,01-0145421,1,2021-02-10 08:24:56
Ntags,25-1313485,0,2021-02-10 20:43:56
Voolith,60-8893156,0,2021-02-08 16:13:52
Browseblab,44-3204250,0,2021-02-11 15:30:22
Flipopia,37-1324016,1,2021-02-11 15:41:27
Youtags,80-8765404,1,2021-02-11 17:50:57
Skibox,15-6734409,1,2021-02-19 22:28:21
Zoomcast,06-2806637,1,2021-02-11 02:29:40
Livetube,41-1717025,0,2021-02-14 23:43:40
Vinder,43-3304376,1,2021-02-17 22:38:10
Yombu,87-5697539,0,2021-02-09 17:27:50
Yombu,31-5417622,1,2021-02-14 05:55:28
Topiclounge,92-1111954,0,2021-02-15 17:43:55
Gabtype,86-8060938,0,2021-02-07 12:18:06
Bluejam,92-2110220,0,2021-02-17 10:50:43
Bubbletube,47-3543145,0,2021-02-18 16:00:03
Dabvine,27-8850396,0,2021-02-18 15:18:32
Yakidoo,38-8919387,1,2021-02-12 20:34:00
Feednation,42-2273888,0,2021-02-10 22:03:19
Roombo,28-2902208,0,2021-02-12 15:21:49
Edgetag,65-1802476,0,2021-02-11 08:13:46
Leenti,93-4798428,1,2021-02-17 13:08:39
Demimbu,23-9750260,0,2021-02-09 21:44:21
JumpXS,44-8993646,0,2021-02-08 02:45:53
Demivee,22-4070316,0,2021-02-20 05:25:11
Livefish,51-5639942,0,2021-02-12 08:11:57
Twitternation,67-7526874,0,2021-02-12 00:50:52
Gabcube,66-6748100,0,2021-02-13 08:02:22
Zoombeat,71-4681481,1,2021-02-16 10:03:05
Kwimbee,65-2662455,1,2021-02-08 03:03:54
Nlounge,16-3170852,0,2021-02-15 11:18:04
Meeveo,74-7192227,1,2021-02-08 06:08:47
Skalith,36-6704699,0,2021-02-13 07:22:59
Ainyx,47-8699697,1,2021-02-13 19:59:15
Gabcube,61-5292953,1,2021-02-17 20:49:41
Ntags,67-3139133,0,2021-02-08 07:06:29
Tagfeed,50-3064046,1,2021-02-17 21:12:08
Twitterbeat,61-5292953,1,2021-02-15 04:38:18
Edgeclub,81-4304280,0,2021-02-08 02:41:20
Feedmix,08-9618164,1,2021-02-12 00:54:45
Feedbug,70-4529785,1,2021-02-09 06:15:47
Mydeo,09-8516370,1,2021-02-10 03:47:51
Livepath,42-2151425,1,2021-02-10 23:12:57
Realcube,32-2717982,0,2021-02-18 18:51:51
Photojam,01-4413000,1,2021-02-20 01:23:55
Voolith,65-9746123,1,2021-02-16 07:06:52
Avaveo,28-8932517,1,2021-02-17 10:32:10
Reallinks,91-4829463,1,2021-02-08 14:58:33
Riffpath,41-3238549,1,2021-02-10 15:15:37
Meeveo,85-8331250,1,2021-02-12 11:18:47
Shuffledrive,72-9623874,1,2021-02-11 11:21:37
Avaveo,88-5502876,1,2021-02-09 18:21:04
Eayo,04-6397812,0,2021-02-10 09:31:48
Flashspan,51-0941920,1,2021-02-18 03:03:51
Feedfish,72-2276731,0,2021-02-07 00:09:56
Meeveo,18-5099824,1,2021-02-19 06:56:31
Vitz,68-6505260,0,2021-02-14 05:29:19
Youfeed,13-1029928,0,2021-02-16 06:53:49
Skynoodle,23-4972815,1,2021-02-17 12:44:32
Wikivu,12-9123194,0,2021-02-09 22:38:43
Vitz,80-4133707,0,2021-02-13 07:39:50
Thoughtmix,21-8367989,0,2021-02-13 07:49:09
Centimia,62-7882697,0,2021-02-20 09:31:34
Tagfeed,31-4461601,0,2021-02-13 08:39:38
Dynazzy,27-5546303,0,2021-02-13 00:30:51
Mudo,48-0081882,1,2021-02-11 13:42:38
Cogibox,81-9245933,0,2021-02-20 04:16:13
Tazz,27-5268592,0,2021-02-10 21:55:55
Chatterpoint,67-3139133,0,2021-02-16 19:02:09
Katz,17-3653934,1,2021-02-14 23:42:48
Livefish,48-8780547,0,2021-02-20 12:13:25
Blogtag,67-9082430,1,2021-02-09 11:51:29
Rhycero,05-5414928,1,2021-02-11 15:51:47
Twitterlist,28-8497660,0,2021-02-19 21:12:07
Fivechat,34-2508215,0,2021-02-10 16:18:22
Brightdog,88-0521971,0,2021-02-16 11:21:42
Jabberbean,67-0165457,1,2021-02-14 20:30:56
Jaxbean,87-1615912,1,2021-02-14 16:41:10
Zoombeat,72-3241284,1,2021-02-17 07:14:45
Vinder,81-7064403,0,2021-02-07 14:58:46
Skyble,32-0027542,0,2021-02-07 23:45:37
Aibox,12-0309837,1,2021-02-14 10:05:52
Einti,67-7372659,0,2021-02-16 10:06:43
Voonyx,94-0338188,1,2021-02-08 19:33:55
Abata,30-7312725,0,2021-02-16 08:37:48
Meezzy,06-2806637,1,2021-02-10 00:19:11
Youfeed,30-2283812,1,2021-02-19 12:12:16
Buzzshare,93-2152784,0,2021-02-13 22:28:26
Leenti,86-2372835,1,2021-02-13 10:45:41
Feedbug,92-1111954,0,2021-02-19 04:35:42
Babbleblab,30-7312725,0,2021-02-19 01:37:55
Meeveo,67-5635479,0,2021-02-17 22:40:54
Youfeed,67-1479395,1,2021-02-12 22:50:22
Yodoo,04-2582562,1,2021-02-19 00:23:01
Thoughtbridge,68-0894891,0,2021-02-18 13:31:59
Meedoo,65-2662455,0,2021-02-15 18:02:25
Tekfly,55-8724487,1,2021-02-08 19:22:30
Photolist,57-0234820,1,2021-02-08 11:30:07
Avaveo,92-1111954,1,2021-02-12 22:19:10
Skipfire,25-3096884,0,2021-02-14 16:25:28
Jaxnation,69-3634241,1,2021-02-07 05:16:16
Tekfly,40-8351137,1,2021-02-20 07:41:52
Linklinks,30-2283812,1,2021-02-15 18:45:46
Oozz,09-5580311,0,2021-02-17 10:51:27
Buzzbean,85-2460753,1,2021-02-09 17:18:44
Thoughtbeat,66-2495099,0,2021-02-11 04:23:13
Realcube,34-4469074,0,2021-02-14 21:36:54
Skyble,87-6219602,0,2021-02-18 19:47:04
Flashspan,46-7272405,1,2021-02-16 07:37:34
Twitternation,41-9659930,0,2021-02-09 04:38:06
Edgeblab,12-9732992,0,2021-02-20 10:54:40
Tazzy,63-6164792,0,2021-02-18 12:55:58
Jayo,04-9578705,1,2021-02-14 20:58:19
Edgepulse,40-7597948,1,2021-02-13 06:15:10
Mudo,32-3224025,0,2021-02-10 10:21:56
Jetpulse,64-4677939,1,2021-02-18 15:57:42
Jabberbean,06-6680757,0,2021-02-12 16:33:33
Gigashots,29-7192918,1,2021-02-14 22:52:50
Minyx,22-6068366,1,2021-02-11 05:38:01
Reallinks,85-8331250,1,2021-02-13 07:25:41
Topicware,53-0013660,0,2021-02-19 15:48:08
Skimia,81-1953211,0,2021-02-16 10:02:02
Cogidoo,71-5600105,1,2021-02-19 16:59:01
Yamia,22-8859596,0,2021-02-14 18:35:29
Demivee,34-5923588,1,2021-02-17 09:36:20
Fivespan,70-4529785,1,2021-02-18 16:02:10
Aimbo,41-9659930,0,2021-02-18 12:13:52
Trudoo,27-5268592,1,2021-02-10 14:37:55
Trupe,11-3436002,0,2021-02-15 00:42:40
Lazzy,00-0659198,1,2021-02-17 22:08:44
Jaloo,62-9912433,1,2021-02-16 19:45:38
Ntag,40-8378014,0,2021-02-14 12:25:44
Meetz,07-4717752,0,2021-02-10 02:41:47
Skivee,81-2057432,1,2021-02-14 15:48:45
Katz,89-8947530,1,2021-02-17 13:47:57
Talane,45-5642759,0,2021-02-10 23:19:48
Mudo,58-1604355,0,2021-02-17 22:11:05
Topiczoom,38-1458875,1,2021-02-13 15:51:33
Rhycero,65-2662455,0,2021-02-09 19:21:10
Oozz,68-6505260,1,2021-02-10 13:29:03
Brainlounge,88-9610625,0,2021-02-13 05:20:52
Tagopia,49-2363515,0,2021-02-10 08:17:15
Podcat,44-6613758,1,2021-02-10 05:42:21
Yakitri,28-8932517,1,2021-02-09 20:56:58
Ailane,91-4829463,0,2021-02-19 21:21:40
Aibox,94-8836163,0,2021-02-16 19:41:59
Yacero,14-3216125,1,2021-02-14 06:10:21
Oodoo,90-5590300,0,2021-02-15 20:23:57
Vidoo,95-4065967,1,2021-02-12 02:15:36
Babbleset,88-3006181,1,2021-02-14 08:31:24
Devbug,47-5143001,1,2021-02-11 10:00:12
Twimbo,40-7597948,1,2021-02-10 18:10:20
Thoughtbridge,89-6534426,1,2021-02-08 10:30:31
Quimm,65-4686922,1,2021-02-10 00:39:11
Bubbletube,55-2139627,1,2021-02-14 14:15:33
Meevee,47-9560218,0,2021-02-14 23:26:39
Browsedrive,44-8993646,1,2021-02-16 17:17:05
Trilia,09-5580311,1,2021-02-17 04:44:13
Meejo,67-4512819,1,2021-02-10 05:57:46
Realcube,92-7373197,1,2021-02-09 13:00:46
Linklinks,94-0338188,0,2021-02-11 17:02:06
Innotype,92-2110220,1,2021-02-13 02:47:10
Quatz,86-8060938,1,2021-02-19 04:14:01
Gabtune,48-9322833,1,2021-02-15 02:31:23
Fivechat,72-6688916,0,2021-02-20 22:39:49
Babbleset,06-6531790,1,2021-02-13 17:14:42
Flashspan,95-8162090,1,2021-02-14 05:32:56
Quimba,70-4529785,0,2021-02-12 17:12:32
Devify,79-4547920,1,2021-02-17 19:28:40
Mybuzz,49-7350286,0,2021-02-17 12:30:01
Zoovu,61-5455698,1,2021-02-13 00:41:37
Zoombeat,82-2768412,1,2021-02-13 06:07:10
Tazzy,94-7247703,1,2021-02-17 02:29:16
Wikizz,96-0581649,1,2021-02-18 02:52:51
Gabspot,98-8887859,1,2021-02-20 23:54:56
Jaloo,12-0219553,1,2021-02-12 09:28:50
Devbug,85-2460753,1,2021-02-14 19:16:46
Realblab,29-4307020,1,2021-02-11 12:12:28
Zoomlounge,51-5639942,1,2021-02-08 11:54:31
Avavee,20-4048398,1,2021-02-17 08:16:55
Youfeed,31-4381804,0,2021-02-08 03:58:10
Avamm,38-1458875,0,2021-02-15 15:22:55
Mudo,45-8779544,1,2021-02-19 23:47:09
Twitterlist,94-0606394,1,2021-02-13 06:06:37
Skyndu,61-6998897,1,2021-02-09 02:35:13
Blogpad,75-9570510,0,2021-02-09 09:14:54
Cogilith,09-8516370,0,2021-02-19 21:01:47
Feednation,64-4066205,0,2021-02-14 21:48:44
Realblab,32-0027542,1,2021-02-18 14:55:48
Mudo,88-9610625,1,2021-02-19 21:59:45
Kwimbee,58-9954909,0,2021-02-10 23:59:33
Oyoba,56-5530033,0,2021-02-11 17:42:53
Devbug,15-7152436,1,2021-02-11 13:31:18
Quimba,83-0603234,0,2021-02-16 09:17:22
Twinte,72-2276731,0,2021-02-10 21:20:49
Skilith,31-7859921,1,2021-02-13 04:06:32
Quamba,77-2726322,1,2021-02-14 19:33:24
Meetz,31-7859921,0,2021-02-17 09:53:26
Tambee,29-7398542,0,2021-02-14 04:51:08
Jaloo,48-5290045,1,2021-02-17 03:01:57
Kamba,28-8246593,1,2021-02-16 15:02:01
Feedmix,28-7575236,1,2021-02-18 01:33:56
Topiczoom,87-1479876,1,2021-02-11 18:19:40
Oloo,96-0581649,0,2021-02-13 03:20:43
Twitternation,75-2872974,1,2021-02-14 01:55:31
Oyoloo,60-8284648,1,2021-02-18 15:53:52
Tagtune,25-5431373,1,2021-02-17 06:14:29
Babbleopia,61-6998897,1,2021-02-13 20:28:10
Thoughtsphere,28-8246593,0,2021-02-14 15:45:28
Yombu,92-8332072,1,2021-02-09 20:40:06
Shuffledrive,49-9091988,1,2021-02-13 16:08:15
Oozz,47-3543145,1,2021-02-20 01:41:12
Photolist,13-1029928,1,2021-02-12 03:59:48
Thoughtmix,13-7500916,1,2021-02-15 11:11:21
Chatterpoint,11-4318763,1,2021-02-18 20:03:45
Browsezoom,49-7350286,0,2021-02-19 09:33:10
Gabtune,44-5333129,1,2021-02-18 06:14:47
Fivebridge,65-4578360,0,2021-02-17 01:43:27
Ozu,92-1111954,0,2021-02-09 00:44:30
Aimbo,61-5292953,1,2021-02-17 22:06:27
Brainlounge,07-8485602,0,2021-02-07 14:43:25
Leexo,86-2372835,1,2021-02-14 04:42:22
Babbleblab,94-0481722,1,2021-02-20 00:32:57
InnoZ,64-5807597,1,2021-02-18 15:16:11
Lazzy,78-5253366,0,2021-02-08 22:57:12
Voomm,32-2717982,0,2021-02-20 02:06:59
Topicstorm,69-3357210,0,2021-02-09 14:25:32
Oodoo,42-6253575,0,2021-02-08 12:45:34
Yabox,06-2806637,0,2021-02-17 05:53:35
Voomm,76-0924265,0,2021-02-12 01:08:29
Edgeify,78-3900649,0,2021-02-10 02:50:17
Devpoint,21-8367989,1,2021-02-12 04:03:08
Leenti,27-5546303,0,2021-02-13 04:48:41
Browsezoom,05-2021197,0,2021-02-17 05:49:31
Ozu,77-4409192,0,2021-02-13 07:22:37
Katz,03-7894523,0,2021-02-11 15:56:05
Yombu,91-4829463,0,2021-02-11 08:28:18
Skyba,06-6680757,1,2021-02-12 16:16:48
Shufflester,30-0327134,0,2021-02-18 05:51:38
Kazio,12-0309837,1,2021-02-08 02:48:20
Shuffledrive,88-9610625,1,2021-02-11 04:46:21
Demivee,85-3576234,0,2021-02-08 12:12:08
Ailane,77-5785313,1,2021-02-16 12:46:00
Ainyx,07-4337086,0,2021-02-15 21:31:38
Skynoodle,25-1313485,0,2021-02-13 22:51:36
Wikizz,65-9746123,0,2021-02-11 12:58:19
Topiclounge,11-4318763,0,2021-02-16 09:51:57
Topiclounge,01-2307048,1,2021-02-17 06:20:37
Babbleset,49-7812929,0,2021-02-18 23:39:46
Browseblab,77-4409192,1,2021-02-09 18:24:57
Buzzbean,11-0810693,1,2021-02-07 05:04:59
Kwideo,04-7951632,1,2021-02-07 02:11:57
Divape,06-4403714,1,2021-02-11 07:45:38
Wikizz,93-2152784,1,2021-02-07 14:30:10
Twinder,91-6303570,1,2021-02-07 07:15:03
Abata,04-2582562,0,2021-02-08 20:36:15
Tekfly,78-2968510,0,2021-02-14 05:28:47
Devpoint,12-4438141,1,2021-02-20 23:17:25
Shufflester,07-3161227,1,2021-02-08 19:21:33
Voonyx,14-7858821,1,2021-02-10 15:11:09
Bubblebox,29-7398542,1,2021-02-11 12:22:00
Vimbo,81-9245933,0,2021-02-07 10:21:13
Katz,04-6397812,0,2021-02-11 17:55:36
Fivebridge,58-9954909,1,2021-02-08 00:06:33
Voolith,47-8699697,1,2021-02-20 18:16:27
Aimbu,15-2656363,0,2021-02-09 14:11:55
Devbug,56-5530033,1,2021-02-17 23:43:33
Gabvine,22-5779520,1,2021-02-12 10:35:54
Rhynyx,17-3945314,1,2021-02-10 10:29:34
Oyonder,74-7192227,0,2021-02-20 05:45:03
Jazzy,09-8868711,0,2021-02-07 02:03:59
Katz,47-3543145,0,2021-02-09 07:19:12
Twitternation,30-6251326,0,2021-02-19 13:36:33
Twinte,20-4048398,0,2021-02-19 16:47:52
Browseblab,21-7594178,1,2021-02-15 17:44:32
Meevee,84-7289114,1,2021-02-09 11:38:12
Jazzy,42-2768876,1,2021-02-08 00:42:38
Topiclounge,15-5343391,1,2021-02-14 12:58:26
Voomm,74-6585343,1,2021-02-14 04:03:34
Skyba,93-2152784,1,2021-02-19 22:26:44
Jabberbean,06-6680757,0,2021-02-13 23:23:57
Gabvine,22-4098341,1,2021-02-14 16:55:18
Yambee,61-5292953,1,2021-02-20 21:46:56
Jayo,64-4677939,0,2021-02-14 12:52:05
Gabvine,32-6573432,0,2021-02-12 23:23:45
Oloo,31-4461601,0,2021-02-17 15:39:09
Meetz,76-3471554,1,2021-02-19 00:36:04
Rhynyx,64-6561291,0,2021-02-15 11:58:14
Meevee,21-8367989,0,2021-02-15 22:28:18
Yakidoo,16-5484779,0,2021-02-20 21:42:08
Blogpad,25-1313485,0,2021-02-11 09:11:27
Flipopia,04-6397812,1,2021-02-19 11:18:04
Yakitri,67-1479395,1,2021-02-20 06:34:28
Gigaclub,13-0120046,1,2021-02-20 02:57:08
Kanoodle,72-2276731,1,2021-02-17 08:15:11
Devshare,34-5923588,0,2021-02-12 16:40:30
Babbleopia,52-4768447,1,2021-02-11 02:54:55
Thoughtbeat,85-3351432,1,2021-02-11 15:58:53
Yamia,68-6505260,1,2021-02-19 09:08:46
Minyx,32-2717982,1,2021-02-16 06:09:01
Voolia,94-9014444,1,2021-02-14 14:11:07
Pixonyx,17-3535323,1,2021-02-11 11:19:13
Meedoo,16-5484779,0,2021-02-13 13:03:59
Einti,52-0525077,1,2021-02-07 06:49:19
Brainlounge,73-2911289,1,2021-02-11 19:24:53
Shuffledrive,81-6934931,0,2021-02-14 12:49:26
Dabvine,76-8057269,0,2021-02-10 10:47:07
Jayo,06-9269713,0,2021-02-09 17:02:21
Yakitri,94-9014444,0,2021-02-07 02:58:01
Demimbu,46-7272405,0,2021-02-12 21:10:28
Youtags,90-1866046,1,2021-02-13 18:25:10
Kazio,32-2717982,0,2021-02-10 13:54:06
Zoozzy,21-6747600,0,2021-02-09 16:21:46
Avamm,92-4411983,0,2021-02-15 15:56:25
Snaptags,11-2854192,1,2021-02-15 08:17:05
Cogidoo,83-0603234,1,2021-02-08 07:42:02
Talane,01-2371540,1,2021-02-10 19:32:33
Buzzshare,68-0894891,1,2021-02-20 10:57:49
Zoomdog,01-2371540,0,2021-02-11 14:32:40
Mydeo,10-4629142,0,2021-02-10 23:11:54
Blogspan,02-2951735,0,2021-02-18 23:42:22
Camido,22-0616572,0,2021-02-12 12:34:51
Blogtag,22-0616572,0,2021-02-11 22:34:31
Gabvine,32-9254151,1,2021-02-08 13:13:47
Shuffledrive,87-1615912,1,2021-02-13 01:58:06
Yakidoo,12-4438141,0,2021-02-08 21:00:28
Fiveclub,32-3224025,1,2021-02-20 16:25:55
Pixope,57-1437260,0,2021-02-15 20:39:58
Jaxbean,45-5642759,1,2021-02-20 10:49:37
Bluejam,24-1557829,1,2021-02-16 13:17:03
Gevee,95-8736871,0,2021-02-12 15:05:39
Tazzy,45-0517788,1,2021-02-19 19:47:19
Camido,42-2151425,0,2021-02-15 13:34:27
Realblab,21-8508018,0,2021-02-08 23:33:35
Edgeclub,21-8367989,1,2021-02-20 06:26:33
Camido,40-0510264,0,2021-02-13 23:12:03
Eidel,61-5455698,0,2021-02-13 05:21:33
Topiczoom,14-7858821,0,2021-02-18 22:56:18
Edgeify,97-9613792,1,2021-02-09 05:51:45
Gigaclub,71-4681481,1,2021-02-19 21:21:18
Gabvine,23-4972815,0,2021-02-19 08:39:26
Rhyzio,81-9245933,0,2021-02-17 16:13:04
Twitterlist,32-2635527,0,2021-02-16 20:30:50
Einti,24-2567917,1,2021-02-13 15:38:28
Avamm,90-0326452,0,2021-02-12 18:03:01
Zoozzy,22-9450488,1,2021-02-19 09:18:12
Ntags,25-1313485,1,2021-02-19 15:12:02
Topdrive,45-2244262,1,2021-02-07 09:50:48
Feednation,41-3238549,0,2021-02-19 22:06:47
Mydeo,49-7812929,1,2021-02-17 09:29:41
Linklinks,89-8947530,1,2021-02-15 00:03:16
Quimba,18-3140583,1,2021-02-17 03:17:29
Dynava,01-0145421,0,2021-02-17 08:11:31
Reallinks,83-9762256,1,2021-02-15 06:11:42
Gabvine,75-2872974,0,2021-02-15 07:22:20
Thoughtbeat,44-6129171,0,2021-02-16 00:21:34
Tagopia,86-0594096,0,2021-02-18 15:32:27
Skipfire,67-1479395,0,2021-02-13 19:33:07
Vimbo,77-5660971,0,2021-02-19 16:08:19
Wordify,69-6015059,0,2021-02-13 22:29:46
Fadeo,81-1836161,1,2021-02-10 15:30:32
Twinder,51-8063898,1,2021-02-07 11:03:51
Aibox,32-0027542,0,2021-02-19 10:49:28
Flipstorm,78-2968510,1,2021-02-12 20:42:36
Voonder,45-8779544,0,2021-02-16 08:06:53
Rhynyx,42-6253575,0,2021-02-12 12:15:23
Zoombeat,82-2768412,1,2021-02-20 10:23:47
Ntags,56-7887863,1,2021-02-08 14:45:00
Feedfish,56-2956370,0,2021-02-15 02:47:32
Wordify,27-5887678,1,2021-02-14 01:41:04
Vitz,28-2902208,0,2021-02-09 10:36:02
Demimbu,42-5078878,1,2021-02-14 12:48:44
Linktype,80-1433635,1,2021-02-10 07:30:36
Yacero,14-3216125,0,2021-02-19 22:35:51
Zoomlounge,69-3634241,1,2021-02-13 07:22:35
Yakidoo,56-2956370,1,2021-02-11 07:35:14
Abata,49-7812929,1,2021-02-11 18:47:48
Yamia,11-3436002,0,2021-02-14 08:50:39
Yodoo,66-0227538,1,2021-02-07 23:46:28
Skyvu,71-5600105,1,2021-02-15 01:31:05
Kamba,61-4749969,0,2021-02-13 03:32:14
Thoughtbeat,69-3357210,0,2021-02-14 05:26:56
Topdrive,29-8916368,0,2021-02-12 01:09:47
Mudo,04-8665259,1,2021-02-12 10:38:07
Jabbercube,11-3436002,1,2021-02-14 09:30:37
Zoomdog,44-6129171,1,2021-02-17 13:37:13
Katz,13-0120046,1,2021-02-11 16:06:52
Cogilith,98-1253927,1,2021-02-14 14:50:03
Skimia,93-9803618,1,2021-02-07 17:05:37
Vidoo,15-5343391,0,2021-02-17 20:40:14
Eamia,94-9014444,0,2021-02-14 16:14:48
Gigaclub,90-1866046,1,2021-02-17 19:42:58
Bubblebox,64-7614057,1,2021-02-12 13:27:20
Mudo,72-3241284,0,2021-02-07 08:06:46
Zazio,11-2268476,1,2021-02-15 20:34:21
Ailane,17-7564009,0,2021-02-10 11:26:57
Kazio,31-4381804,0,2021-02-13 13:39:33
Feedfire,65-3381207,0,2021-02-09 11:23:51
Zoomcast,81-2057432,1,2021-02-17 11:19:42
Blogtag,45-8767419,0,2021-02-12 19:04:17
Bubbletube,67-0586572,1,2021-02-12 14:10:49
Yodoo,71-5600105,1,2021-02-14 09:43:07
Centimia,22-4098341,0,2021-02-09 07:35:55
Quimba,16-5484779,0,2021-02-07 17:43:13
Gigazoom,65-4686922,1,2021-02-08 12:58:10
Devshare,84-0248735,0,2021-02-12 06:13:53
Npath,12-8664875,1,2021-02-13 14:49:07
Podcat,67-7372659,0,2021-02-07 16:07:00
Twitterbridge,28-4392373,0,2021-02-08 01:08:41
Agivu,22-2566277,0,2021-02-19 08:25:20
Yata,36-6704699,1,2021-02-13 07:27:13
Riffpath,07-4836093,0,2021-02-10 22:06:42
Wikido,06-4403714,1,2021-02-19 12:50:35
Oyope,48-5754785,1,2021-02-17 03:19:19
Einti,81-4727772,0,2021-02-15 18:59:17
Quaxo,87-5697539,1,2021-02-20 00:19:49
Wikizz,93-4236610,1,2021-02-20 07:32:51
Bubbletube,06-2806637,0,2021-02-20 01:12:35
Avaveo,71-4414687,1,2021-02-16 19:59:50
BlogXS,15-0545189,0,2021-02-13 18:02:59
Fadeo,65-2682395,0,2021-02-10 17:11:04
Oyoloo,58-9954909,1,2021-02-17 03:42:10
Realcube,12-4705426,1,2021-02-16 06:52:02
Twinder,21-8508018,1,2021-02-07 00:43:17
Shuffledrive,74-0234598,1,2021-02-18 18:32:40
Livefish,90-1866046,1,2021-02-18 10:09:46
Mydeo,83-0603234,1,2021-02-14 18:16:08
Fatz,55-8724487,1,2021-02-13 23:06:33
Buzzbean,83-0451643,0,2021-02-17 11:49:57
Thoughtbeat,07-1924808,1,2021-02-13 11:52:31
Photojam,41-1814019,1,2021-02-09 06:32:36
Shuffledrive,50-9229767,1,2021-02-09 12:40:25
Eire,04-9578705,0,2021-02-14 01:18:35
Leenti,05-0259339,1,2021-02-15 10:03:00
Eimbee,89-8947530,0,2021-02-11 16:27:16
Meetz,32-9254151,1,2021-02-07 23:50:54
Dynabox,64-4677939,1,2021-02-14 22:24:50
Babbleopia,83-2226695,0,2021-02-08 06:41:08
Brightbean,14-3216125,1,2021-02-07 01:34:43
Reallinks,64-7614057,0,2021-02-13 20:45:50
Npath,44-6006587,1,2021-02-11 23:45:23
Bubbletube,74-0234598,0,2021-02-13 07:33:25
Eamia,59-3554217,0,2021-02-07 06:33:29
Yakidoo,43-0795670,0,2021-02-07 02:35:08
Pixonyx,20-1854378,1,2021-02-11 07:06:44
Dynabox,44-3204250,1,2021-02-18 09:12:00
InnoZ,44-5333129,1,2021-02-10 13:47:06
Mydo,80-6826089,0,2021-02-18 13:28:40
Roombo,44-6006587,1,2021-02-17 20:10:50
Dynabox,42-2768876,0,2021-02-20 04:05:44
Dynazzy,48-5290045,1,2021-02-10 14:46:26
Trupe,08-9618164,0,2021-02-19 00:28:50
Pixope,76-8057269,1,2021-02-13 03:59:45
Eire,93-4236610,1,2021-02-13 03:26:36
Dazzlesphere,22-8859596,1,2021-02-14 08:04:40
Demizz,31-4461601,1,2021-02-07 04:33:39
Topiczoom,38-4041532,1,2021-02-07 00:48:05
Voolith,94-7247703,1,2021-02-19 18:19:29
Mydeo,48-5616085,1,2021-02-14 01:27:12
Twitterbeat,06-4403714,0,2021-02-17 07:32:11
Skalith,21-9034597,1,2021-02-18 21:47:30
Skyndu,18-3961732,1,2021-02-14 23:55:18
Zoombeat,31-7741252,0,2021-02-07 22:45:35
Realblab,17-7564009,0,2021-02-09 08:50:26
Realfire,05-2021197,0,2021-02-08 15:00:18
Tagfeed,49-7812929,1,2021-02-07 19:05:13
Rhynyx,28-7575236,0,2021-02-18 18:46:42
Babbleopia,22-4098341,0,2021-02-13 07:25:55
Npath,98-1253927,0,2021-02-15 23:47:25
Buzzbean,79-6813897,1,2021-02-19 10:44:45
Jaxworks,47-5415498,1,2021-02-09 16:22:51
Kwimbee,90-0326452,0,2021-02-10 21:39:54
Thoughtbridge,64-7614057,0,2021-02-17 02:53:38
Tagpad,77-2726322,1,2021-02-15 05:57:27
Rhynyx,87-1479876,0,2021-02-16 11:08:14
Wordtune,82-6011143,0,2021-02-10 12:57:59
Einti,31-7741252,1,2021-02-11 12:27:51
Tazzy,38-1458875,0,2021-02-07 06:32:30
Kamba,22-5779520,1,2021-02-09 21:40:59
Abata,42-2151425,0,2021-02-10 07:43:09
Ntag,36-4082781,1,2021-02-09 16:58:45
Skalith,66-2495099,0,2021-02-08 20:10:50
Brainlounge,48-5754785,1,2021-02-12 09:56:36
Mydeo,90-4710986,1,2021-02-17 07:48:25
Topicware,86-8060938,0,2021-02-18 20:55:41
Meetz,81-9245933,1,2021-02-14 10:48:28
Shuffledrive,65-0985363,0,2021-02-09 08:37:00
Quimba,22-8749538,0,2021-02-16 06:59:30
Blogpad,06-6680757,0,2021-02-10 18:33:06
Babbleopia,22-8749538,1,2021-02-15 07:39:09
Blogpad,42-2273888,0,2021-02-09 00:27:49
Demivee,42-5015997,1,2021-02-12 02:12:19
Agivu,32-6573432,1,2021-02-13 13:02:20
Feedspan,78-4976976,0,2021-02-09 11:56:09
Avavee,54-7987790,1,2021-02-13 11:06:05
Tagfeed,38-8223868,1,2021-02-09 05:17:46
Topiczoom,28-2902208,0,2021-02-14 23:02:07
Demizz,07-3161227,1,2021-02-15 22:09:13
Dazzlesphere,27-8850396,0,2021-02-15 08:57:26
Pixonyx,94-0481722,1,2021-02-12 08:29:07
Katz,64-4677939,0,2021-02-12 22:09:25
Dynava,63-3860912,1,2021-02-11 08:57:32
Gabvine,05-2021197,1,2021-02-08 23:46:57
Zoomdog,96-7005724,1,2021-02-07 07:16:33
Janyx,75-5784129,1,2021-02-09 21:40:29
Yacero,41-1814019,1,2021-02-15 01:33:16
Cogilith,23-9750260,1,2021-02-08 15:59:00
Meeveo,66-7099781,1,2021-02-19 08:42:38
Skynoodle,11-3436002,0,2021-02-14 04:45:01
Topicstorm,14-1714492,1,2021-02-08 18:26:24
Youfeed,79-6110490,1,2021-02-10 03:22:42
Ntag,61-7901065,1,2021-02-07 09:22:22
Trupe,41-1814019,1,2021-02-15 11:35:30
Oyonder,67-7526874,0,2021-02-15 21:22:24
Brainbox,45-9303225,1,2021-02-20 06:13:45
Roomm,80-1433635,0,2021-02-19 01:21:20
Thoughtsphere,93-4236610,0,2021-02-08 14:56:57
Aibox,92-8332072,1,2021-02-07 06:25:09
Zoombeat,05-5414928,0,2021-02-09 07:40:52
Mydeo,14-3216125,0,2021-02-08 05:56:32
Katz,72-3153954,1,2021-02-18 22:52:27
Jazzy,76-4404151,1,2021-02-08 13:13:46
InnoZ,52-0525077,1,2021-02-12 05:38:48
Twitterlist,83-2226695,1,2021-02-09 19:58:02
Vidoo,59-5675073,1,2021-02-18 14:35:53
Meevee,22-5779520,0,2021-02-08 21:28:58
Yadel,63-3860912,1,2021-02-17 07:03:08
Kanoodle,21-8508018,0,2021-02-17 14:58:28
Oyoba,93-2152784,0,2021-02-08 02:06:12
Feedspan,44-3204250,0,2021-02-08 12:43:03
Meembee,56-2956370,1,2021-02-12 17:44:06
Realblab,94-0338188,1,2021-02-18 20:42:59
Buzzshare,22-4070316,0,2021-02-17 20:17:37
Katz,33-5630710,0,2021-02-13 20:00:30
Katz,06-9269713,1,2021-02-18 23:07:58
Linktype,53-5609625,1,2021-02-14 02:04:30
Zazio,89-7494398,1,2021-02-15 21:30:15
Topiclounge,66-6748100,1,2021-02-11 11:55:10
Youfeed,25-0735377,0,2021-02-08 11:19:10
Skyndu,12-0219553,0,2021-02-09 13:39:04
Zoozzy,36-5609486,1,2021-02-12 14:14:10
Minyx,67-0586572,0,2021-02-14 12:44:39
Quimba,76-8057269,1,2021-02-13 22:24:15
Edgeify,70-1780743,0,2021-02-07 02:20:41
Wikido,48-9322833,0,2021-02-17 11:49:52
Rhynyx,34-9917782,0,2021-02-18 21:56:17
Yombu,06-0086525,0,2021-02-19 00:35:09
Youtags,80-8765404,0,2021-02-12 04:40:52
Gabtune,78-5253366,0,2021-02-11 21:14:43
Wikivu,67-3139133,1,2021-02-13 06:09:09
Zoombeat,81-4041172,1,2021-02-07 12:14:50
Wikivu,93-4236610,1,2021-02-19 18:32:33
Oloo,28-8497660,0,2021-02-07 08:29:23
Wikizz,14-2152150,1,2021-02-19 12:56:21
Mydeo,81-4041172,0,2021-02-15 15:28:41
Buzzshare,55-4857374,0,2021-02-14 03:36:28
Tagfeed,74-7192227,0,2021-02-14 07:50:26
Ailane,30-2283812,1,2021-02-08 18:30:36
Fadeo,41-3238549,0,2021-02-10 01:55:17
Buzzshare,73-3190220,1,2021-02-07 00:21:51
Linktype,45-2244262,1,2021-02-09 14:54:36
Photobug,50-3064046,1,2021-02-20 02:52:19
Fivebridge,04-7951632,0,2021-02-16 14:56:53
Pixonyx,89-8947530,1,2021-02-11 18:11:03
Shufflester,62-5449863,0,2021-02-11 19:41:58
Bubblebox,12-4705426,1,2021-02-13 11:50:24
Trilia,23-4972815,0,2021-02-17 15:05:53
Snaptags,85-8331250,0,2021-02-09 23:23:24
Bluejam,41-1385445,1,2021-02-11 08:35:18
Photolist,29-5549996,0,2021-02-16 10:13:38
Bubbletube,47-9560218,1,2021-02-11 20:46:34
Rhynyx,94-9328951,0,2021-02-09 04:24:47
Dynava,91-6303570,0,2021-02-18 10:22:00
Gevee,75-2872974,1,2021-02-07 02:47:24
Brainbox,85-8331250,1,2021-02-07 09:26:54
Brainlounge,67-5635479,0,2021-02-09 19:31:30
Browsezoom,75-5784129,1,2021-02-09 01:55:30
Blogspan,70-4529785,1,2021-02-20 03:51:45
Skivee,13-6986463,1,2021-02-09 17:01:58
Quatz,92-8071886,1,2021-02-09 21:06:55
Ainyx,38-1458875,0,2021-02-20 18:18:05
Katz,45-9303225,0,2021-02-10 14:16:31
Flashdog,81-4304280,1,2021-02-15 02:46:42
Skyndu,87-5697539,0,2021-02-12 07:06:09
Mydeo,65-2682395,0,2021-02-16 20:49:58
Livetube,51-8063898,1,2021-02-08 11:20:17
Kwinu,64-5937427,1,2021-02-08 11:50:48
Flipbug,47-8699697,0,2021-02-09 20:45:39
Brightdog,74-7860018,1,2021-02-14 12:15:23
Kwideo,05-5414928,0,2021-02-08 04:59:30
Tagpad,22-4098341,1,2021-02-18 00:13:17
Eimbee,68-6505260,0,2021-02-19 01:19:04
Dynava,45-9303225,1,2021-02-11 14:54:07
Topiczoom,48-5616085,0,2021-02-08 02:14:40
Oyoba,48-9322833,0,2021-02-11 18:57:59
Mudo,24-2567917,0,2021-02-16 22:43:50
Eamia,21-8367989,0,2021-02-07 20:29:14
Realfire,38-8919387,0,2021-02-18 07:47:00
Roomm,06-2806637,1,2021-02-08 00:58:56
Aibox,28-8932517,0,2021-02-12 11:24:17
Feedbug,27-3598129,1,2021-02-08 04:06:57
Twitterbridge,64-4066205,1,2021-02-10 10:07:06
Babbleblab,57-0234820,1,2021-02-17 08:31:28
Devshare,50-3064046,0,2021-02-15 01:15:17
Jaloo,49-9091988,0,2021-02-14 13:51:10
Quatz,51-0941920,1,2021-02-11 10:09:17
Jabberbean,71-6768849,0,2021-02-09 10:07:34
Nlounge,80-4708201,0,2021-02-18 01:21:12
Yoveo,20-5028390,0,2021-02-07 15:48:37
Topdrive,17-3945314,1,2021-02-08 00:57:06
Tagfeed,93-9803618,1,2021-02-11 00:40:19
Thoughtworks,76-8057269,1,2021-02-20 09:38:19
Dazzlesphere,98-9080673,0,2021-02-18 01:22:00
Feedmix,83-0603234,0,2021-02-08 02:51:30
Tagfeed,55-2139627,0,2021-02-19 04:24:42
Thoughtworks,47-5415498,1,2021-02-07 18:04:38
Rhynyx,44-5333129,1,2021-02-20 11:44:02
Lazzy,94-3163186,1,2021-02-08 10:21:35
Katz,87-6219602,0,2021-02-11 08:56:06
Flashspan,42-7164889,1,2021-02-20 11:58:20
Thoughtworks,69-6015059,0,2021-02-20 08:00:02
Zoomdog,73-7466705,1,2021-02-14 10:48:47
Zoomzone,68-0894891,0,2021-02-14 01:31:05
Nlounge,40-5779260,0,2021-02-17 00:14:59
Realblab,48-0081882,1,2021-02-09 02:57:34
Oyoba,78-2167747,1,2021-02-13 09:13:31
Mudo,41-3238549,0,2021-02-07 04:37:34
Skalith,94-3163186,1,2021-02-14 06:23:28
Flashpoint,29-8916368,0,2021-02-07 18:28:45
Pixope,65-0985363,1,2021-02-11 06:12:15
Demizz,44-3204250,0,2021-02-20 15:24:22
Aibox,22-9450488,0,2021-02-14 19:59:17
Bluejam,09-8868711,0,2021-02-10 01:54:24
Jamia,45-8779544,1,2021-02-17 11:13:33
Katz,84-7289114,1,2021-02-10 06:44:03
Meeveo,60-8893156,0,2021-02-13 12:59:48
Trilith,21-7594178,0,2021-02-10 01:32:59
Mydo,20-1854378,1,2021-02-19 18:37:54
Photojam,89-8947530,0,2021-02-08 16:20:17
Twitternation,80-3364286,0,2021-02-19 02:10:16
Cogilith,64-4677939,1,2021-02-07 11:21:19
Demizz,89-6881773,0,2021-02-07 05:18:54
Vimbo,39-7567221,1,2021-02-09 19:15:11
Mudo,72-6688916,1,2021-02-20 09:01:33
Rhynyx,44-8993646,1,2021-02-20 10:48:09
Talane,24-4740410,1,2021-02-11 10:57:36
Shufflester,59-5675073,1,2021-02-17 22:49:19
Trilia,65-4686922,1,2021-02-12 06:58:56
Chatterpoint,84-7289114,1,2021-02-14 16:04:36
Kazio,69-3634241,0,2021-02-14 20:35:46
Trudoo,28-8246593,0,2021-02-15 07:53:37
Tagopia,77-2726322,1,2021-02-18 09:06:29
Zoombeat,62-3547960,0,2021-02-07 15:00:07
Jaxbean,87-5697539,1,2021-02-17 15:05:04
Centimia,41-3238549,0,2021-02-10 09:13:29
Mudo,30-0327134,1,2021-02-07 11:28:04
Bluejam,92-4411983,0,2021-02-19 02:56:09
Bubbletube,92-5981195,1,2021-02-07 13:23:16
Rhynyx,04-2582562,1,2021-02-13 12:32:30
Skinder,27-5887678,1,2021-02-10 18:58:28
Blogspan,30-7312725,1,2021-02-16 00:01:30
Tagcat,42-5015997,0,2021-02-20 05:37:06
Quatz,80-1433635,0,2021-02-11 07:45:59
Edgeclub,38-8223868,1,2021-02-07 12:57:55
Aimbu,92-4411983,0,2021-02-11 14:22:51
Tazzy,45-8779544,0,2021-02-18 04:37:03
Gigaclub,53-0013660,0,2021-02-12 10:43:30
Trilith,62-9912433,0,2021-02-11 11:43:09
Jayo,64-4066205,0,2021-02-14 22:37:08
Topicshots,27-3598129,0,2021-02-07 23:51:26
Eidel,92-8071886,0,2021-02-19 16:33:32
Camido,04-2853363,1,2021-02-14 06:08:55
Agivu,64-8541226,1,2021-02-14 21:30:51
Livepath,04-9759667,1,2021-02-12 08:35:21
Shufflester,94-4942292,1,2021-02-07 20:21:10
Photolist,40-0510264,1,2021-02-07 00:06:51
Kazio,92-8332072,1,2021-02-18 19:59:17
Livetube,61-5292953,1,2021-02-12 17:41:39
Babbleblab,32-2635527,1,2021-02-11 02:09:58
Ooba,71-4681481,1,2021-02-14 22:57:43
Kazio,27-3598129,0,2021-02-12 08:54:13
Bluejam,29-1886883,1,2021-02-10 03:11:27
Minyx,74-0234598,0,2021-02-14 20:39:06
Brainlounge,80-8114218,1,2021-02-09 10:13:59
Cogibox,28-8497660,0,2021-02-07 02:04:53
Youfeed,18-3961732,1,2021-02-08 10:09:53
Rhyloo,90-5590300,1,2021-02-18 13:40:34
Feedbug,83-0451643,0,2021-02-08 07:30:07
Kanoodle,32-3224025,1,2021-02-09 14:14:50
Tagfeed,24-1297544,0,2021-02-19 05:19:15
Zoombeat,01-2307048,0,2021-02-08 01:51:31
Linklinks,38-8919387,0,2021-02-18 20:08:07
Mudo,22-4447433,0,2021-02-15 10:54:12
Rhyloo,82-8568842,1,2021-02-10 01:59:33
Meevee,72-9623874,0,2021-02-14 12:47:17
Flashspan,77-9381522,1,2021-02-14 13:56:38
Brightdog,42-5078878,1,2021-02-10 05:52:01
Jazzy,80-4708201,1,2021-02-08 04:27:37
Wikido,67-5635479,1,2021-02-18 01:31:59
Thoughtsphere,67-7526874,0,2021-02-15 06:01:28
Blogtag,32-9254151,1,2021-02-20 19:12:57
Photojam,89-6534426,0,2021-02-20 08:34:56
Feedbug,55-4857374,1,2021-02-20 12:26:46
Meembee,94-4942292,0,2021-02-07 08:22:46
Dabfeed,54-7987790,1,2021-02-08 10:26:16
Ailane,18-3140583,0,2021-02-19 19:40:10
Wordtune,45-8767419,0,2021-02-08 12:07:49
JumpXS,11-4318763,0,2021-02-12 16:38:36
JumpXS,61-5455698,0,2021-02-16 11:49:42
Yacero,18-5099824,0,2021-02-19 20:24:37
Cogibox,51-8063898,1,2021-02-19 14:38:36
Yakitri,11-4318763,1,2021-02-16 03:24:47
Bluejam,81-4041172,1,2021-02-19 09:19:52
BlogXS,89-8947530,0,2021-02-17 09:12:41
Mydeo,22-6068366,1,2021-02-19 12:14:49
Jaloo,78-5253366,0,2021-02-15 01:51:16
Fiveclub,06-4403714,1,2021-02-15 09:59:23
Nlounge,18-5099824,0,2021-02-13 06:00:21
Aibox,12-0219553,1,2021-02-19 04:43:35
Twitternation,01-0145421,0,2021-02-13 21:14:08
Devpoint,32-2635527,1,2021-02-10 12:20:01
Twinder,04-1998481,0,2021-02-08 17:50:12
Dynazzy,78-2968510,0,2021-02-11 18:08:39
Eamia,60-8893156,0,2021-02-19 05:00:47
Pixope,50-9229767,0,2021-02-14 10:52:55
Skynoodle,42-5078878,0,2021-02-08 12:35:32
Aibox,53-0153012,1,2021-02-07 02:03:25
Zoomcast,83-2226695,1,2021-02-11 07:34:56
Tagfeed,43-5209497,1,2021-02-18 16:26:24
Feedbug,98-1253927,0,2021-02-10 21:33:10
Rhynyx,64-4677939,1,2021-02-13 14:25:27
Pixope,71-4414687,1,2021-02-20 15:57:19
Yakitri,48-0081882,0,2021-02-10 01:34:36
Gigashots,34-5923588,0,2021-02-19 02:11:03
Kanoodle,74-7192227,1,2021-02-08 21:48:52
Meevee,70-9203873,0,2021-02-13 15:31:34
Divape,06-0086525,1,2021-02-08 03:33:10
Gigaclub,54-5177425,1,2021-02-20 14:24:22
Innotype,56-2884952,1,2021-02-09 00:43:05
Katz,22-5779520,1,2021-02-14 05:17:20
Jaloo,13-9950567,1,2021-02-17 09:37:44
Mymm,31-7741252,0,2021-02-17 06:48:06
Gigaclub,94-7247703,0,2021-02-17 09:08:37
Dynabox,17-7564009,1,2021-02-08 11:02:44
Tambee,18-4297282,1,2021-02-17 00:40:40
Skynoodle,78-2968510,1,2021-02-15 15:31:37
Ailane,29-7192918,0,2021-02-08 10:40:56
Feedbug,87-1479876,0,2021-02-14 04:49:37
Flashpoint,01-4413000,0,2021-02-07 03:34:00
Kazio,19-6585109,1,2021-02-18 07:40:28
Kazio,43-5881949,0,2021-02-16 03:48:45
Flipopia,31-4381804,1,2021-02-11 15:19:24
Avavee,42-7164889,1,2021-02-11 11:04:39
Devcast,21-6747600,0,2021-02-13 16:01:40
Flashdog,01-1685591,1,2021-02-13 04:43:14
Mudo,94-4942292,0,2021-02-10 20:19:00
Tagpad,94-0338188,0,2021-02-12 06:57:39
Thoughtsphere,88-9610625,1,2021-02-08 11:59:36
Skyble,84-0248735,0,2021-02-09 19:27:23
Flashset,07-4836093,1,2021-02-11 02:10:03
Edgeclub,63-1724503,0,2021-02-15 05:55:10
Nlounge,61-1036847,0,2021-02-13 03:41:58
Einti,26-6388288,1,2021-02-08 21:18:19
Kazio,81-9245933,1,2021-02-18 22:52:19
Devshare,65-1802476,1,2021-02-13 11:47:22
Fivespan,74-7860018,1,2021-02-10 10:14:51
Yakitri,25-0735377,1,2021-02-08 07:33:40
Cogibox,84-0248735,1,2021-02-10 07:23:09
Browsezoom,54-7987790,0,2021-02-07 15:54:32
Topicstorm,53-5609625,1,2021-02-13 13:57:14
Aibox,89-8947530,0,2021-02-19 02:12:40
Vitz,96-7005724,1,2021-02-13 08:16:13
Tagopia,23-4972815,0,2021-02-15 03:26:30
Tagpad,09-8516370,1,2021-02-09 11:53:32
Vitz,84-7289114,0,2021-02-10 10:36:13
InnoZ,06-0086525,0,2021-02-13 13:26:17
Avamm,91-5752634,1,2021-02-08 15:46:31
Dazzlesphere,29-3789232,1,2021-02-19 00:02:16
Devshare,67-7526874,1,2021-02-16 00:13:35
Browsezoom,88-3006181,0,2021-02-18 02:24:15
Jazzy,90-4710986,1,2021-02-08 13:23:20
Rhynyx,32-2635527,1,2021-02-19 16:58:06
Thoughtmix,04-7951632,0,2021-02-17 17:32:27
Riffpath,67-9082430,1,2021-02-17 11:01:53
Mymm,44-3204250,1,2021-02-17 11:20:06
Ainyx,31-5385600,1,2021-02-20 13:12:02
Photospace,48-8570960,1,2021-02-17 13:42:39
Eamia,38-1458875,0,2021-02-11 09:07:17
Wikivu,71-5600105,1,2021-02-08 12:51:42
Shuffledrive,28-4392373,1,2021-02-09 10:50:51
Livetube,33-5630710,1,2021-02-09 04:07:29
Eamia,04-9578705,1,2021-02-09 17:38:55
Dynabox,67-9082430,1,2021-02-17 13:49:27
Jazzy,96-7005724,1,2021-02-10 15:50:02
Skippad,60-4480602,0,2021-02-14 14:46:20
Yakijo,94-8836163,1,2021-02-14 09:01:44
Tagopia,92-8071886,0,2021-02-16 15:47:56
Oozz,15-5343391,0,2021-02-14 09:19:01
Kamba,67-0165457,0,2021-02-10 16:33:55
Tagcat,70-4529785,1,2021-02-13 17:34:31
Ailane,47-3543145,1,2021-02-18 04:23:10
Thoughtbeat,30-7312725,0,2021-02-08 19:47:48
Devshare,64-5807597,0,2021-02-10 22:46:15
Photojam,04-1464113,0,2021-02-08 10:41:12
Fivespan,54-5177425,1,2021-02-09 18:41:53
Yombu,43-3304376,0,2021-02-07 16:08:58
Ntags,42-0679916,1,2021-02-11 19:53:55
Zoomlounge,05-0259339,1,2021-02-18 10:35:57
Reallinks,80-4708201,1,2021-02-16 03:18:17
Dabfeed,65-0985363,1,2021-02-07 23:01:28
Rhyzio,86-0988520,1,2021-02-14 10:39:22
Zoomlounge,22-4070316,1,2021-02-08 17:35:32
Linktype,77-9381522,1,2021-02-16 16:23:33
Quatz,15-6734409,0,2021-02-19 08:42:51
Jamia,42-0679916,1,2021-02-17 16:45:11
Yakijo,20-5028390,0,2021-02-08 01:49:17
Yakitri,49-9091988,0,2021-02-10 08:07:15
Eayo,76-0924265,1,2021-02-09 21:17:54
Jaxworks,53-0013660,0,2021-02-19 09:13:52
Brainbox,66-7099781,0,2021-02-12 21:34:52
Thoughtsphere,63-3860912,0,2021-02-17 18:19:44
Devcast,45-2244262,0,2021-02-11 10:37:02
Aimbo,72-6688916,0,2021-02-12 09:46:59
Yombu,43-0795670,0,2021-02-15 02:09:48
Zoombeat,61-7901065,1,2021-02-07 03:11:05
Blogspan,31-7859921,1,2021-02-16 15:07:42
Jetpulse,51-5639942,1,2021-02-09 00:35:39
Photojam,59-5675073,0,2021-02-07 02:19:22
Devify,30-7069430,0,2021-02-12 15:59:54
Twitterbeat,96-8562879,1,2021-02-17 17:11:25
Dablist,16-2257653,0,2021-02-14 13:15:13
Snaptags,70-2377791,0,2021-02-19 05:05:54
Ntag,45-0517788,1,2021-02-20 00:31:22
Oyondu,17-9901354,0,2021-02-10 05:23:02
Thoughtmix,83-9762256,0,2021-02-20 10:16:05
Eadel,79-6110490,1,2021-02-14 00:58:29
Reallinks,25-3096884,1,2021-02-11 20:58:55
Innotype,91-5752634,1,2021-02-11 09:19:52
Twitterbeat,11-2268476,0,2021-02-17 03:45:15
Photojam,64-5937427,0,2021-02-10 18:05:46
Ooba,26-6388288,1,2021-02-18 18:36:32
Photojam,91-4829463,1,2021-02-16 01:28:10
Jaxnation,63-6164792,1,2021-02-07 03:01:13
Livepath,94-8836163,1,2021-02-12 20:01:36
Zoombeat,69-6015059,0,2021-02-19 13:03:21
Katz,64-5807597,1,2021-02-07 04:37:53
Jabberbean,49-7812929,0,2021-02-13 21:05:08
Bubbletube,15-7152436,0,2021-02-07 01:19:05
Ainyx,92-4411983,1,2021-02-19 02:03:35
Rhyzio,10-4629142,1,2021-02-08 15:55:54
Wikivu,32-3224025,0,2021-02-19 15:03:15
Gigazoom,26-7996374,0,2021-02-16 19:51:10
Katz,19-2071466,1,2021-02-07 16:40:52
Twinte,65-2682395,0,2021-02-07 00:56:11
Tagpad,24-4740410,1,2021-02-19 13:26:04
Yambee,18-5099824,1,2021-02-09 08:29:45
Oyoloo,05-0259339,0,2021-02-16 09:17:11
Buzzbean,25-2418928,1,2021-02-18 21:32:13
Meedoo,37-9956849,0,2021-02-12 22:35:23
Twitternation,48-8570960,1,2021-02-15 02:52:43
Tagopia,62-7853702,0,2021-02-16 20:24:05
Flashset,34-9917782,1,2021-02-16 03:47:15
Yacero,83-0603234,0,2021-02-16 17:01:20
JumpXS,11-0810693,1,2021-02-12 13:48:28
Photobean,64-6561291,0,2021-02-07 07:43:03
Gigaclub,62-3547960,1,2021-02-16 13:35:30
Tagpad,55-2139627,0,2021-02-12 00:53:21
Rhynyx,94-8155113,1,2021-02-19 04:54:42
Meeveo,86-2372835,1,2021-02-07 17:56:05
Kazio,44-6613758,0,2021-02-19 06:04:55
Quamba,12-9123194,0,2021-02-09 23:19:44
Dynabox,67-5635479,1,2021-02-07 04:09:27
Twinte,06-6680757,1,2021-02-19 04:39:54
Zoozzy,11-6498547,1,2021-02-08 04:43:49
Browseblab,30-0327134,0,2021-02-13 06:07:38
Skibox,18-5099824,1,2021-02-19 02:40:44
Thoughtmix,04-8665259,0,2021-02-17 14:25:02
Divape,74-6585343,0,2021-02-20 11:00:31
Thoughtbridge,28-8246593,1,2021-02-11 21:35:12
Quamba,94-8155113,0,2021-02-20 09:25:10
Zoombox,64-1087342,1,2021-02-17 15:01:53
Flashspan,61-0619017,0,2021-02-14 00:59:10
Quimm,85-7721533,0,2021-02-09 12:16:24
Wordify,28-7575236,1,2021-02-11 05:09:23
Vimbo,53-0013660,0,2021-02-17 12:04:13
Minyx,13-7500916,1,2021-02-16 20:25:25
Leexo,66-4788523,1,2021-02-10 15:44:15
Aibox,06-4139816,0,2021-02-09 01:28:04
Feedbug,56-5530033,1,2021-02-16 19:58:02
Mydeo,15-7152436,0,2021-02-14 20:36:59
Livetube,13-1029928,1,2021-02-14 02:08:40
Centimia,13-6986463,1,2021-02-16 09:53:39
Edgepulse,64-2631191,1,2021-02-09 17:07:15
Devshare,17-9901354,0,2021-02-08 23:37:27
Topicstorm,28-8413169,0,2021-02-15 21:43:38
Edgetag,80-4708201,1,2021-02-17 06:48:32
Tagfeed,77-5785313,1,2021-02-10 03:31:34
Youfeed,81-2057432,0,2021-02-09 22:27:10
Photobean,40-8378014,0,2021-02-17 15:50:49
